1.20777,0.627659,0.324211,0.372167,0.605695,1.09253;9.97937 ,0.050083 ,32.9902,10 ,0.0548956 ,42.1237,1.00001 ,6.63581 ,2.78191,1.00001 ,9.72638 ,22.0365,9.9921 ,0.0540421 ,14.3394,8.18931 ,0.31041 ,52.4053;2,2,2,2,2,2;0.1,0.1,0.1,0.1,0.1,0.1;0,0,0,0,0,0;0,0,0,0,0,0;0.1,0.1,0.1,0.1,0.1,0.1;0.1,0.1,0.1,0.1,0.1,0.1;0.1,0.1,0.1,0.1,0.1,0.1;0,0,0.0420221,0.0361439,0.0310879,0.026739,0.0229985,0.0197812,0.017014,0.0146339,0.0125868,0.010826,0.00931155,0.00800894,0.0787769,0.00592525,0.00509607,0.00438317,0.00377,0.00324261,0.002789,0.00239884,0.036588,0.0329263,0.0296345,0.0266747,0.0240131,0.0216193,0.019466,0.0175289,0.0157859,0.0142175,0.0831398,0.0115356,0.0103918,0.00936225,0.00843525,0.00760054,0.00684885,0.00617188,0.00556215,0.00501292,0.0898882,0.00407299,0.00367088,0.00330906,0.00298303,0.00268924,0.00242447,0.00218586,0.00197081,0.00177697,0.0868834;
1.20777,0.627659,0.324211,0.372167,0.605695,1.09253;9.97937 ,0.050083 ,32.9902,10 ,0.0548956 ,42.1237,1.00001 ,6.63581 ,2.78191,1.00001 ,9.72638 ,22.0365,9.9921 ,0.0540421 ,14.3394,8.18931 ,0.31041 ,52.4053;2,2,2,2,2,2;0.1,0.1,0.1,0.1,0.1,0.1;0,0,0,0,0,0;0,0,0,0,0,0;0.1,0.1,0.1,0.1,0.1,0.1;0.1,0.1,0.1,0.1,0.1,0.1;0.1,0.1,0.1,0.1,0.1,0.1;0,0,0.0420221,0.0361439,0.0310879,0.026739,0.0229985,0.0197812,0.017014,0.0146339,0.0125868,0.010826,0.00931155,0.00800894,0.0787769,0.00592525,0.00509607,0.00438317,0.00377,0.00324261,0.002789,0.00239884,0.036588,0.0329263,0.0296345,0.0266747,0.0240131,0.0216193,0.019466,0.0175289,0.0157859,0.0142175,0.0831398,0.0115356,0.0103918,0.00936225,0.00843525,0.00760054,0.00684885,0.00617188,0.00556215,0.00501292,0.0898882,0.00407299,0.00367088,0.00330906,0.00298303,0.00268924,0.00242447,0.00218586,0.00197081,0.00177697,0.0868834;
1.20777,0.627659,0.324211,0.372167,0.605695,1.09253;9.97937 ,0.050083 ,32.9902,10 ,0.0548956 ,42.1237,1.00001 ,6.63581 ,2.78191,1.00001 ,9.72638 ,22.0365,9.9921 ,0.0540421 ,14.3394,8.18931 ,0.31041 ,52.4053;2,2,2,2,2,2;0.1,0.1,0.1,0.1,0.1,0.1;0,0,0,0,0,0;0,0,0,0,0,0;0.1,0.1,0.1,0.1,0.1,0.1;0.1,0.1,0.1,0.1,0.1,0.1;0.1,0.1,0.1,0.1,0.1,0.1;0,0,0.0420221,0.0361439,0.0310879,0.026739,0.0229985,0.0197812,0.017014,0.0146339,0.0125868,0.010826,0.00931155,0.00800894,0.0787769,0.00592525,0.00509607,0.00438317,0.00377,0.00324261,0.002789,0.00239884,0.036588,0.0329263,0.0296345,0.0266747,0.0240131,0.0216193,0.019466,0.0175289,0.0157859,0.0142175,0.0831398,0.0115356,0.0103918,0.00936225,0.00843525,0.00760054,0.00684885,0.00617188,0.00556215,0.00501292,0.0898882,0.00407299,0.00367088,0.00330906,0.00298303,0.00268924,0.00242447,0.00218586,0.00197081,0.00177697,0.0868834;
1.20777,0.627659,0.324211,0.372167,0.605695,1.09253;9.97937 ,0.050083 ,32.9902,10 ,0.0548956 ,42.1237,1.00001 ,6.63581 ,2.78191,1.00001 ,9.72638 ,22.0365,9.9921 ,0.0540421 ,14.3394,8.18931 ,0.31041 ,52.4053;2,2,2,2,2,2;0.1,0.1,0.1,0.1,0.1,0.1;0,0,0,0,0,0;0,0,0,0,0,0;0.1,0.1,0.1,0.1,0.1,0.1;0.1,0.1,0.1,0.1,0.1,0.1;0.1,0.1,0.1,0.1,0.1,0.1;0,0,0.0420221,0.0361439,0.0310879,0.026739,0.0229985,0.0197812,0.017014,0.0146339,0.0125868,0.010826,0.00931155,0.00800894,0.0787769,0.00592525,0.00509607,0.00438317,0.00377,0.00324261,0.002789,0.00239884,0.036588,0.0329263,0.0296345,0.0266747,0.0240131,0.0216193,0.019466,0.0175289,0.0157859,0.0142175,0.0831398,0.0115356,0.0103918,0.00936225,0.00843525,0.00760054,0.00684885,0.00617188,0.00556215,0.00501292,0.0898882,0.00407299,0.00367088,0.00330906,0.00298303,0.00268924,0.00242447,0.00218586,0.00197081,0.00177697,0.0868834;
1.20777,0.627659,0.324211,0.372167,0.605695,1.09253;9.97937 ,0.050083 ,32.9902,10 ,0.0548956 ,42.1237,1.00001 ,6.63581 ,2.78191,1.00001 ,9.72638 ,22.0365,9.9921 ,0.0540421 ,14.3394,8.18931 ,0.31041 ,52.4053;2,2,2,2,2,2;0.1,0.1,0.1,0.1,0.1,0.1;0,0,0,0,0,0;0,0,0,0,0,0;0.1,0.1,0.1,0.1,0.1,0.1;0.1,0.1,0.1,0.1,0.1,0.1;0.1,0.1,0.1,0.1,0.1,0.1;0,0,0.0420221,0.0361439,0.0310879,0.026739,0.0229985,0.0197812,0.017014,0.0146339,0.0125868,0.010826,0.00931155,0.00800894,0.0787769,0.00592525,0.00509607,0.00438317,0.00377,0.00324261,0.002789,0.00239884,0.036588,0.0329263,0.0296345,0.0266747,0.0240131,0.0216193,0.019466,0.0175289,0.0157859,0.0142175,0.0831398,0.0115356,0.0103918,0.00936225,0.00843525,0.00760054,0.00684885,0.00617188,0.00556215,0.00501292,0.0898882,0.00407299,0.00367088,0.00330906,0.00298303,0.00268924,0.00242447,0.00218586,0.00197081,0.00177697,0.0868834;
1.20777,0.627659,0.324211,0.372167,0.605695,1.09253;9.97937 ,0.050083 ,32.9902,10 ,0.0548956 ,42.1237,1.00001 ,6.63581 ,2.78191,1.00001 ,9.72638 ,22.0365,9.9921 ,0.0540421 ,14.3394,8.18931 ,0.31041 ,52.4053;2,2,2,2,2,2;0.1,0.1,0.1,0.1,0.1,0.1;0,0,0,0,0,0;0,0,0,0,0,0;0.1,0.1,0.1,0.1,0.1,0.1;0.1,0.1,0.1,0.1,0.1,0.1;0.1,0.1,0.1,0.1,0.1,0.1;0,0,0.0420221,0.0361439,0.0310879,0.026739,0.0229985,0.0197812,0.017014,0.0146339,0.0125868,0.010826,0.00931155,0.00800894,0.0787769,0.00592525,0.00509607,0.00438317,0.00377,0.00324261,0.002789,0.00239884,0.036588,0.0329263,0.0296345,0.0266747,0.0240131,0.0216193,0.019466,0.0175289,0.0157859,0.0142175,0.0831398,0.0115356,0.0103918,0.00936225,0.00843525,0.00760054,0.00684885,0.00617188,0.00556215,0.00501292,0.0898882,0.00407299,0.00367088,0.00330906,0.00298303,0.00268924,0.00242447,0.00218586,0.00197081,0.00177697,0.0868834;
1.20777,0.627659,0.324211,0.372167,0.605695,1.09253;9.97937 ,0.050083 ,32.9902,10 ,0.0548956 ,42.1237,1.00001 ,6.63581 ,2.78191,1.00001 ,9.72638 ,22.0365,9.9921 ,0.0540421 ,14.3394,8.18931 ,0.31041 ,52.4053;2,2,2,2,2,2;0.1,0.1,0.1,0.1,0.1,0.1;0,0,0,0,0,0;0,0,0,0,0,0;0.1,0.1,0.1,0.1,0.1,0.1;0.1,0.1,0.1,0.1,0.1,0.1;0.1,0.1,0.1,0.1,0.1,0.1;0,0,0.0420221,0.0361439,0.0310879,0.026739,0.0229985,0.0197812,0.017014,0.0146339,0.0125868,0.010826,0.00931155,0.00800894,0.0787769,0.00592525,0.00509607,0.00438317,0.00377,0.00324261,0.002789,0.00239884,0.036588,0.0329263,0.0296345,0.0266747,0.0240131,0.0216193,0.019466,0.0175289,0.0157859,0.0142175,0.0831398,0.0115356,0.0103918,0.00936225,0.00843525,0.00760054,0.00684885,0.00617188,0.00556215,0.00501292,0.0898882,0.00407299,0.00367088,0.00330906,0.00298303,0.00268924,0.00242447,0.00218586,0.00197081,0.00177697,0.0868834;
1.20777,0.627659,0.324211,0.372167,0.605695,1.09253;9.97937 ,0.050083 ,32.9902,10 ,0.0548956 ,42.1237,1.00001 ,6.63581 ,2.78191,1.00001 ,9.72638 ,22.0365,9.9921 ,0.0540421 ,14.3394,8.18931 ,0.31041 ,52.4053;2,2,2,2,2,2;0.1,0.1,0.1,0.1,0.1,0.1;0,0,0,0,0,0;0,0,0,0,0,0;0.1,0.1,0.1,0.1,0.1,0.1;0.1,0.1,0.1,0.1,0.1,0.1;0.1,0.1,0.1,0.1,0.1,0.1;0,0,0.0420221,0.0361439,0.0310879,0.026739,0.0229985,0.0197812,0.017014,0.0146339,0.0125868,0.010826,0.00931155,0.00800894,0.0787769,0.00592525,0.00509607,0.00438317,0.00377,0.00324261,0.002789,0.00239884,0.036588,0.0329263,0.0296345,0.0266747,0.0240131,0.0216193,0.019466,0.0175289,0.0157859,0.0142175,0.0831398,0.0115356,0.0103918,0.00936225,0.00843525,0.00760054,0.00684885,0.00617188,0.00556215,0.00501292,0.0898882,0.00407299,0.00367088,0.00330906,0.00298303,0.00268924,0.00242447,0.00218586,0.00197081,0.00177697,0.0868834;
1.20777,0.627659,0.324211,0.372167,0.605695,1.09253;9.97937 ,0.050083 ,32.9902,10 ,0.0548956 ,42.1237,1.00001 ,6.63581 ,2.78191,1.00001 ,9.72638 ,22.0365,9.9921 ,0.0540421 ,14.3394,8.18931 ,0.31041 ,52.4053;2,2,2,2,2,2;0.1,0.1,0.1,0.1,0.1,0.1;0,0,0,0,0,0;0,0,0,0,0,0;0.1,0.1,0.1,0.1,0.1,0.1;0.1,0.1,0.1,0.1,0.1,0.1;0.1,0.1,0.1,0.1,0.1,0.1;0,0,0.0420221,0.0361439,0.0310879,0.026739,0.0229985,0.0197812,0.017014,0.0146339,0.0125868,0.010826,0.00931155,0.00800894,0.0787769,0.00592525,0.00509607,0.00438317,0.00377,0.00324261,0.002789,0.00239884,0.036588,0.0329263,0.0296345,0.0266747,0.0240131,0.0216193,0.019466,0.0175289,0.0157859,0.0142175,0.0831398,0.0115356,0.0103918,0.00936225,0.00843525,0.00760054,0.00684885,0.00617188,0.00556215,0.00501292,0.0898882,0.00407299,0.00367088,0.00330906,0.00298303,0.00268924,0.00242447,0.00218586,0.00197081,0.00177697,0.0868834;
1.20777,0.627659,0.324211,0.372167,0.605695,1.09253;9.97937 ,0.050083 ,32.9902,10 ,0.0548956 ,42.1237,1.00001 ,6.63581 ,2.78191,1.00001 ,9.72638 ,22.0365,9.9921 ,0.0540421 ,14.3394,8.18931 ,0.31041 ,52.4053;2,2,2,2,2,2;0.1,0.1,0.1,0.1,0.1,0.1;0,0,0,0,0,0;0,0,0,0,0,0;0.1,0.1,0.1,0.1,0.1,0.1;0.1,0.1,0.1,0.1,0.1,0.1;0.1,0.1,0.1,0.1,0.1,0.1;0,0,0.0420221,0.0361439,0.0310879,0.026739,0.0229985,0.0197812,0.017014,0.0146339,0.0125868,0.010826,0.00931155,0.00800894,0.0787769,0.00592525,0.00509607,0.00438317,0.00377,0.00324261,0.002789,0.00239884,0.036588,0.0329263,0.0296345,0.0266747,0.0240131,0.0216193,0.019466,0.0175289,0.0157859,0.0142175,0.0831398,0.0115356,0.0103918,0.00936225,0.00843525,0.00760054,0.00684885,0.00617188,0.00556215,0.00501292,0.0898882,0.00407299,0.00367088,0.00330906,0.00298303,0.00268924,0.00242447,0.00218586,0.00197081,0.00177697,0.0868834;
1.20777,0.627659,0.324211,0.372167,0.605695,1.09253;9.97937 ,0.050083 ,32.9902,10 ,0.0548956 ,42.1237,1.00001 ,6.63581 ,2.78191,1.00001 ,9.72638 ,22.0365,9.9921 ,0.0540421 ,14.3394,8.18931 ,0.31041 ,52.4053;2,2,2,2,2,2;0.1,0.1,0.1,0.1,0.1,0.1;0,0,0,0,0,0;0,0,0,0,0,0;0.1,0.1,0.1,0.1,0.1,0.1;0.1,0.1,0.1,0.1,0.1,0.1;0.1,0.1,0.1,0.1,0.1,0.1;0,0,0.0420221,0.0361439,0.0310879,0.026739,0.0229985,0.0197812,0.017014,0.0146339,0.0125868,0.010826,0.00931155,0.00800894,0.0787769,0.00592525,0.00509607,0.00438317,0.00377,0.00324261,0.002789,0.00239884,0.036588,0.0329263,0.0296345,0.0266747,0.0240131,0.0216193,0.019466,0.0175289,0.0157859,0.0142175,0.0831398,0.0115356,0.0103918,0.00936225,0.00843525,0.00760054,0.00684885,0.00617188,0.00556215,0.00501292,0.0898882,0.00407299,0.00367088,0.00330906,0.00298303,0.00268924,0.00242447,0.00218586,0.00197081,0.00177697,0.0868834;
1.20777,0.627659,0.324211,0.372167,0.605695,1.09253;9.97937 ,0.050083 ,32.9902,10 ,0.0548956 ,42.1237,1.00001 ,6.63581 ,2.78191,1.00001 ,9.72638 ,22.0365,9.9921 ,0.0540421 ,14.3394,8.18931 ,0.31041 ,52.4053;2,2,2,2,2,2;0.1,0.1,0.1,0.1,0.1,0.1;0,0,0,0,0,0;0,0,0,0,0,0;0.1,0.1,0.1,0.1,0.1,0.1;0.1,0.1,0.1,0.1,0.1,0.1;0.1,0.1,0.1,0.1,0.1,0.1;0,0,0.0420221,0.0361439,0.0310879,0.026739,0.0229985,0.0197812,0.017014,0.0146339,0.0125868,0.010826,0.00931155,0.00800894,0.0787769,0.00592525,0.00509607,0.00438317,0.00377,0.00324261,0.002789,0.00239884,0.036588,0.0329263,0.0296345,0.0266747,0.0240131,0.0216193,0.019466,0.0175289,0.0157859,0.0142175,0.0831398,0.0115356,0.0103918,0.00936225,0.00843525,0.00760054,0.00684885,0.00617188,0.00556215,0.00501292,0.0898882,0.00407299,0.00367088,0.00330906,0.00298303,0.00268924,0.00242447,0.00218586,0.00197081,0.00177697,0.0868834;
1.20777,0.627659,0.324211,0.372167,0.605695,1.09253;9.97937 ,0.050083 ,32.9902,10 ,0.0548956 ,42.1237,1.00001 ,6.63581 ,2.78191,1.00001 ,9.72638 ,22.0365,9.9921 ,0.0540421 ,14.3394,8.18931 ,0.31041 ,52.4053;2,2,2,2,2,2;0.1,0.1,0.1,0.1,0.1,0.1;0,0,0,0,0,0;0,0,0,0,0,0;0.1,0.1,0.1,0.1,0.1,0.1;0.1,0.1,0.1,0.1,0.1,0.1;0.1,0.1,0.1,0.1,0.1,0.1;0,0,0.0420221,0.0361439,0.0310879,0.026739,0.0229985,0.0197812,0.017014,0.0146339,0.0125868,0.010826,0.00931155,0.00800894,0.0787769,0.00592525,0.00509607,0.00438317,0.00377,0.00324261,0.002789,0.00239884,0.036588,0.0329263,0.0296345,0.0266747,0.0240131,0.0216193,0.019466,0.0175289,0.0157859,0.0142175,0.0831398,0.0115356,0.0103918,0.00936225,0.00843525,0.00760054,0.00684885,0.00617188,0.00556215,0.00501292,0.0898882,0.00407299,0.00367088,0.00330906,0.00298303,0.00268924,0.00242447,0.00218586,0.00197081,0.00177697,0.0868834;
1.20777,0.627659,0.324211,0.372167,0.605695,1.09253;9.97937 ,0.050083 ,32.9902,10 ,0.0548956 ,42.1237,1.00001 ,6.63581 ,2.78191,1.00001 ,9.72638 ,22.0365,9.9921 ,0.0540421 ,14.3394,8.18931 ,0.31041 ,52.4053;2,2,2,2,2,2;0.1,0.1,0.1,0.1,0.1,0.1;0,0,0,0,0,0;0,0,0,0,0,0;0.1,0.1,0.1,0.1,0.1,0.1;0.1,0.1,0.1,0.1,0.1,0.1;0.1,0.1,0.1,0.1,0.1,0.1;0,0,0.0420221,0.0361439,0.0310879,0.026739,0.0229985,0.0197812,0.017014,0.0146339,0.0125868,0.010826,0.00931155,0.00800894,0.0787769,0.00592525,0.00509607,0.00438317,0.00377,0.00324261,0.002789,0.00239884,0.036588,0.0329263,0.0296345,0.0266747,0.0240131,0.0216193,0.019466,0.0175289,0.0157859,0.0142175,0.0831398,0.0115356,0.0103918,0.00936225,0.00843525,0.00760054,0.00684885,0.00617188,0.00556215,0.00501292,0.0898882,0.00407299,0.00367088,0.00330906,0.00298303,0.00268924,0.00242447,0.00218586,0.00197081,0.00177697,0.0868834;
1.20777,0.627659,0.324211,0.372167,0.605695,1.09253;9.97937 ,0.050083 ,32.9902,10 ,0.0548956 ,42.1237,1.00001 ,6.63581 ,2.78191,1.00001 ,9.72638 ,22.0365,9.9921 ,0.0540421 ,14.3394,8.18931 ,0.31041 ,52.4053;2,2,2,2,2,2;0.1,0.1,0.1,0.1,0.1,0.1;0,0,0,0,0,0;0,0,0,0,0,0;0.1,0.1,0.1,0.1,0.1,0.1;0.1,0.1,0.1,0.1,0.1,0.1;0.1,0.1,0.1,0.1,0.1,0.1;0,0,0.0420221,0.0361439,0.0310879,0.026739,0.0229985,0.0197812,0.017014,0.0146339,0.0125868,0.010826,0.00931155,0.00800894,0.0787769,0.00592525,0.00509607,0.00438317,0.00377,0.00324261,0.002789,0.00239884,0.036588,0.0329263,0.0296345,0.0266747,0.0240131,0.0216193,0.019466,0.0175289,0.0157859,0.0142175,0.0831398,0.0115356,0.0103918,0.00936225,0.00843525,0.00760054,0.00684885,0.00617188,0.00556215,0.00501292,0.0898882,0.00407299,0.00367088,0.00330906,0.00298303,0.00268924,0.00242447,0.00218586,0.00197081,0.00177697,0.0868834;
1.20777,0.627659,0.324211,0.372167,0.605695,1.09253;9.97937 ,0.050083 ,32.9902,10 ,0.0548956 ,42.1237,1.00001 ,6.63581 ,2.78191,1.00001 ,9.72638 ,22.0365,9.9921 ,0.0540421 ,14.3394,8.18931 ,0.31041 ,52.4053;2,2,2,2,2,2;0.1,0.1,0.1,0.1,0.1,0.1;0,0,0,0,0,0;0,0,0,0,0,0;0.1,0.1,0.1,0.1,0.1,0.1;0.1,0.1,0.1,0.1,0.1,0.1;0.1,0.1,0.1,0.1,0.1,0.1;0,0,0.0420221,0.0361439,0.0310879,0.026739,0.0229985,0.0197812,0.017014,0.0146339,0.0125868,0.010826,0.00931155,0.00800894,0.0787769,0.00592525,0.00509607,0.00438317,0.00377,0.00324261,0.002789,0.00239884,0.036588,0.0329263,0.0296345,0.0266747,0.0240131,0.0216193,0.019466,0.0175289,0.0157859,0.0142175,0.0831398,0.0115356,0.0103918,0.00936225,0.00843525,0.00760054,0.00684885,0.00617188,0.00556215,0.00501292,0.0898882,0.00407299,0.00367088,0.00330906,0.00298303,0.00268924,0.00242447,0.00218586,0.00197081,0.00177697,0.0868834;
1.20777,0.627659,0.324211,0.372167,0.605695,1.09253;9.97937 ,0.050083 ,32.9902,10 ,0.0548956 ,42.1237,1.00001 ,6.63581 ,2.78191,1.00001 ,9.72638 ,22.0365,9.9921 ,0.0540421 ,14.3394,8.18931 ,0.31041 ,52.4053;2,2,2,2,2,2;0.1,0.1,0.1,0.1,0.1,0.1;0,0,0,0,0,0;0,0,0,0,0,0;0.1,0.1,0.1,0.1,0.1,0.1;0.1,0.1,0.1,0.1,0.1,0.1;0.1,0.1,0.1,0.1,0.1,0.1;0,0,0.0420221,0.0361439,0.0310879,0.026739,0.0229985,0.0197812,0.017014,0.0146339,0.0125868,0.010826,0.00931155,0.00800894,0.0787769,0.00592525,0.00509607,0.00438317,0.00377,0.00324261,0.002789,0.00239884,0.036588,0.0329263,0.0296345,0.0266747,0.0240131,0.0216193,0.019466,0.0175289,0.0157859,0.0142175,0.0831398,0.0115356,0.0103918,0.00936225,0.00843525,0.00760054,0.00684885,0.00617188,0.00556215,0.00501292,0.0898882,0.00407299,0.00367088,0.00330906,0.00298303,0.00268924,0.00242447,0.00218586,0.00197081,0.00177697,0.0868834;
1.20777,0.627659,0.324211,0.372167,0.605695,1.09253;9.97937 ,0.050083 ,32.9902,10 ,0.0548956 ,42.1237,1.00001 ,6.63581 ,2.78191,1.00001 ,9.72638 ,22.0365,9.9921 ,0.0540421 ,14.3394,8.18931 ,0.31041 ,52.4053;2,2,2,2,2,2;0.1,0.1,0.1,0.1,0.1,0.1;0,0,0,0,0,0;0,0,0,0,0,0;0.1,0.1,0.1,0.1,0.1,0.1;0.1,0.1,0.1,0.1,0.1,0.1;0.1,0.1,0.1,0.1,0.1,0.1;0,0,0.0420221,0.0361439,0.0310879,0.026739,0.0229985,0.0197812,0.017014,0.0146339,0.0125868,0.010826,0.00931155,0.00800894,0.0787769,0.00592525,0.00509607,0.00438317,0.00377,0.00324261,0.002789,0.00239884,0.036588,0.0329263,0.0296345,0.0266747,0.0240131,0.0216193,0.019466,0.0175289,0.0157859,0.0142175,0.0831398,0.0115356,0.0103918,0.00936225,0.00843525,0.00760054,0.00684885,0.00617188,0.00556215,0.00501292,0.0898882,0.00407299,0.00367088,0.00330906,0.00298303,0.00268924,0.00242447,0.00218586,0.00197081,0.00177697,0.0868834;
1.20777,0.627659,0.324211,0.372167,0.605695,1.09253;9.97937 ,0.050083 ,32.9902,10 ,0.0548956 ,42.1237,1.00001 ,6.63581 ,2.78191,1.00001 ,9.72638 ,22.0365,9.9921 ,0.0540421 ,14.3394,8.18931 ,0.31041 ,52.4053;2,2,2,2,2,2;0.1,0.1,0.1,0.1,0.1,0.1;0,0,0,0,0,0;0,0,0,0,0,0;0.1,0.1,0.1,0.1,0.1,0.1;0.1,0.1,0.1,0.1,0.1,0.1;0.1,0.1,0.1,0.1,0.1,0.1;0,0,0.0420221,0.0361439,0.0310879,0.026739,0.0229985,0.0197812,0.017014,0.0146339,0.0125868,0.010826,0.00931155,0.00800894,0.0787769,0.00592525,0.00509607,0.00438317,0.00377,0.00324261,0.002789,0.00239884,0.036588,0.0329263,0.0296345,0.0266747,0.0240131,0.0216193,0.019466,0.0175289,0.0157859,0.0142175,0.0831398,0.0115356,0.0103918,0.00936225,0.00843525,0.00760054,0.00684885,0.00617188,0.00556215,0.00501292,0.0898882,0.00407299,0.00367088,0.00330906,0.00298303,0.00268924,0.00242447,0.00218586,0.00197081,0.00177697,0.0868834;
1.20777,0.627659,0.324211,0.372167,0.605695,1.09253;9.97937 ,0.050083 ,32.9902,10 ,0.0548956 ,42.1237,1.00001 ,6.63581 ,2.78191,1.00001 ,9.72638 ,22.0365,9.9921 ,0.0540421 ,14.3394,8.18931 ,0.31041 ,52.4053;2,2,2,2,2,2;0.1,0.1,0.1,0.1,0.1,0.1;0,0,0,0,0,0;0,0,0,0,0,0;0.1,0.1,0.1,0.1,0.1,0.1;0.1,0.1,0.1,0.1,0.1,0.1;0.1,0.1,0.1,0.1,0.1,0.1;0,0,0.0420221,0.0361439,0.0310879,0.026739,0.0229985,0.0197812,0.017014,0.0146339,0.0125868,0.010826,0.00931155,0.00800894,0.0787769,0.00592525,0.00509607,0.00438317,0.00377,0.00324261,0.002789,0.00239884,0.036588,0.0329263,0.0296345,0.0266747,0.0240131,0.0216193,0.019466,0.0175289,0.0157859,0.0142175,0.0831398,0.0115356,0.0103918,0.00936225,0.00843525,0.00760054,0.00684885,0.00617188,0.00556215,0.00501292,0.0898882,0.00407299,0.00367088,0.00330906,0.00298303,0.00268924,0.00242447,0.00218586,0.00197081,0.00177697,0.0868834;
1.20777,0.625107,0.323084,0.35742,0.53471,1.09253;9.97937 ,0.050083 ,32.9902,10 ,0.0548956 ,42.1237,1.00001 ,6.63581 ,2.78191,1.0001 ,10 ,22.3284,10 ,0.0529629 ,14.2499,8.18931 ,0.31041 ,52.4053;2,2,2,2,2,2;0.1,0.1,0.1,0.1,0.1,0.1;0,0,0,0,0,0;0,0,0,0,0,0;0.1,0.1,0.1,0.1,0.1,0.1;0.1,0.1,0.1,0.1,0.1,0.1;0.1,0.1,0.1,0.1,0.1,0.1;0,0,0.0418761,0.0360183,0.0309798,0.0266461,0.0229186,0.0197125,0.0169549,0.0145831,0.012543,0.0107884,0.00927918,0.0079811,0.0604023,0.00590449,0.00507835,0.00436794,0.0037569,0.00323134,0.0027793,0.0023905,0.0343912,0.0310285,0.0279978,0.0252661,0.0228037,0.0205836,0.0185818,0.0167765,0.0151482,0.0136792,0.0826877,0.011158,0.0100787,0.00910457,0.00822525,0.0074314,0.00671466,0.00606746,0.005483,0.00495514,0.0895013,0.00404823,0.00365864,0.00330715,0.00298957,0.00270262,0.00244331,0.00220898,0.0019972,0.0018058,0.0869139;
1.18754,0.656025,0.296451,0.372167,0.567078,1.07869;9.04149 ,0.0472084 ,32.9219,9.50293 ,0.0483517 ,45.7571,1.0001 ,6.18509 ,2.72431,1.00001 ,9.72638 ,22.0365,9.53572 ,0.046491 ,13.3607,9.57201 ,0.353062 ,51.1989;2,2,2,2,2,2;0.1,0.1,0.1,0.1,0.1,0.1;0,0,0,0,0,0;0,0,0,0,0,0;0.1,0.1,0.1,0.1,0.1,0.1;0.1,0.1,0.1,0.1,0.1,0.1;0.1,0.1,0.1,0.1,0.1,0.1;0,0,0.0407696,0.0346856,0.0295088,0.0251042,0.021357,0.018169,0.0154569,0.0131496,0.0111867,0.00951675,0.00809611,0.0170977,0.00585937,0.00498469,0.00424057,0.00360754,0.003069,0.00261086,0.00222111,0.00188954,0.0361322,0.0325192,0.0292714,0.0263515,0.0237259,0.0213643,0.01924,0.0173288,0.0156089,0.0140611,0.0292578,0.0114138,0.0102846,0.00926785,0.00835221,0.00752754,0.00678473,0.00611559,0.00551277,0.00496963,0.00448023,0.00403923,0.0036418,0.0213745,0.00296078,0.00266979,0.00240748,0.00217102,0.00195785,0.0114333,0.2182;
1.20777,0.627659,0.324211,0.372167,0.605695,1.09253;9.31024 ,0.0523225 ,30.0388,10 ,0.0548956 ,42.1237,1.0001 ,7.37247 ,2.77145,1.10461 ,9.61095 ,20.3629,10 ,0.0495973 ,12.5929,8.18931 ,0.31041 ,52.4053;2,2,2,2,2,2;0.1,0.1,0.1,0.1,0.1,0.1;0,0,0,0,0,0;0,0,0,0,0,0;0.1,0.1,0.1,0.1,0.1,0.1;0.1,0.1,0.1,0.1,0.1,0.1;0.1,0.1,0.1,0.1,0.1,0.1;0,0,0.0383924,0.0335249,0.0292737,0.0255613,0.0223195,0.0194888,0.017017,0.0148587,0.0129742,0.0113286,0.0423628,0.00863716,0.00754163,0.00658508,0.00574985,0.00502055,0.00438376,0.00382773,0.0323473,0.031023,0.028973,0.0267662,0.0245812,0.0224905,0.0205252,0.0186969,0.0170075,0.0154538,0.0792821,0.0127278,0.0115397,0.0104573,0.00947237,0.00857708,0.00776394,0.00702593,0.00635652,0.00574964,0.0051997,0.00470154,0.0896205,0.00384264,0.00347255,0.00313818,0.0028357,0.00256213,0.00231475,0.00209108,0.00188889,0.00170612,0.086822;
1.20777,0.627659,0.3504,0.364876,0.605695,1.09253;9.97937 ,0.050083 ,32.9902,9.45906 ,0.0508153 ,40.0906,1.05923 ,7.14757 ,3.05222,1.0001 ,10 ,22.7488,9.24494 ,0.0455756 ,14.8945,8.18931 ,0.31041 ,52.4053;2,2,2,2,2,2;0.1,0.1,0.1,0.1,0.1,0.1;0,0,0,0,0,0;0,0,0,0,0,0;0.1,0.1,0.1,0.1,0.1,0.1;0.1,0.1,0.1,0.1,0.1,0.1;0.1,0.1,0.1,0.1,0.1,0.1;0,0,0,0.0391453,0.0354609,0.0315805,0.0279292,0.0246058,0.0216256,0.0189746,0.0166282,0.0145584,0.0127369,0.0111366,0.0163144,0.00850216,0.00742463,0.00648169,0.00565702,0.00493612,0.00430621,0.00375599,0.0362852,0.0327266,0.0295191,0.0266282,0.0240226,0.0216739,0.0195566,0.0176477,0.0159265,0.0143744,0.0833085,0.0117122,0.0105733,0.00954591,0.00861902,0.0077827,0.00702802,0.00634696,0.0341569,0.0051775,0.00467665,0.00422453,0.00381635,0.0034478,0.00311501,0.0028145,0.00254311,0.002298,0.00207662,0.00187666,0.0869771;
1.20777,0.627659,0.318134,0.373883,0.595693,1.09253;9.97937 ,0.050083 ,32.9902,10 ,0.0548956 ,42.1237,1.00001 ,6.63581 ,2.78191,1.00001 ,9.72638 ,22.0365,9.9921 ,0.0540421 ,14.3394,8.18931 ,0.31041 ,52.4053;2,2,2,2,2,2;0.1,0.1,0.1,0.1,0.1,0.1;0,0,0,0,0,0;0,0,0,0,0,0;0.1,0.1,0.1,0.1,0.1,0.1;0.1,0.1,0.1,0.1,0.1,0.1;0.1,0.1,0.1,0.1,0.1,0.1;0,0,0.0412346,0.0354665,0.0305052,0.0262379,0.0225675,0.0194105,0.0166952,0.0143597,0.0123509,0.0106231,0.00913704,0.00785884,0.0774607,0.0058142,0.00500056,0.00430103,0.00369935,0.00318184,0.00273673,0.00235388,0.0367086,0.0330367,0.0297355,0.026767,0.0240975,0.0216963,0.0195363,0.0175929,0.0158443,0.0142707,0.0831882,0.0115796,0.0104319,0.00939863,0.00846831,0.00763056,0.00687611,0.00619662,0.0055846,0.00503329,0.0899067,0.00408973,0.00368606,0.00332281,0.00299549,0.00270052,0.0024347,0.00219512,0.00197919,0.00178455,0.0868902;
1.26163,0.594263,0.324211,0.372167,0.605695,1.09253;10 ,0.0532804 ,33.4255,10 ,0.0575392 ,45.317,1.00001 ,6.63581 ,2.78191,1.00001 ,9.72638 ,22.0365,9.9921 ,0.0540421 ,14.3394,8.18931 ,0.31041 ,52.4053;2,2,2,2,2,2;0.1,0.1,0.1,0.1,0.1,0.1;0,0,0,0,0,0;0,0,0,0,0,0;0.1,0.1,0.1,0.1,0.1,0.1;0.1,0.1,0.1,0.1,0.1,0.1;0.1,0.1,0.1,0.1,0.1,0.1;0,0,0.0420221,0.0361439,0.0310879,0.026739,0.0229985,0.0197812,0.017014,0.0146339,0.0125868,0.010826,0.00931155,0.00800894,0.0787769,0.00592525,0.00509607,0.00438317,0.00377,0.00324261,0.002789,0.00239884,0.036588,0.0329263,0.0296345,0.0266747,0.0240131,0.0216193,0.019466,0.0175289,0.0157859,0.0142175,0.012806,0.144698,0.0103923,0.00936225,0.00843525,0.00760054,0.00684885,0.00617188,0.00556215,0.00501292,0.00451817,0.00407245,0.00367088,0.11993,0.00298472,0.00268924,0.00242447,0.00218586,0.00197081,0.00177697,0.0868834;
1.25493,0.627659,0.324211,0.372167,0.605695,1.09253;9.97937 ,0.050083 ,32.9902,10 ,0.0548956 ,42.1237,1.08291 ,7.00015 ,2.56145,1.00001 ,9.72638 ,22.0365,9.9921 ,0.0540421 ,14.3394,8.18931 ,0.31041 ,52.4053;2,2,2,2,2,2;0.1,0.1,0.1,0.1,0.1,0.1;0,0,0,0,0,0;0,0,0,0,0,0;0.1,0.1,0.1,0.1,0.1,0.1;0.1,0.1,0.1,0.1,0.1,0.1;0.1,0.1,0.1,0.1,0.1,0.1;0,0,0.035648,0.0327305,0.0293434,0.0260512,0.023005,0.0202463,0.0177769,0.015582,0.0136403,0.0119282,0.0104224,0.00910038,0.0798298,0.00692707,0.00603909,0.00526326,0.00458561,0.00399406,0.00347792,0.00302779,0.0371602,0.0334451,0.0301035,0.0270978,0.0243938,0.0219613,0.0197726,0.0178033,0.0160312,0.0144364,0.0860812,0.0117093,0.0105464,0.00949957,0.00855715,0.00770866,0.00694467,0.00625674,0.00563724,0.00507934,0.0899469,0.00412484,0.00371665,0.00334944,0.00301865,0.00272063,0.00245213,0.00221022,0.00199225,0.00179584,0.0869;
1.20777,0.627659,0.339467,0.347714,0.605695,1.09253;9.97937 ,0.050083 ,32.9902,10 ,0.0548956 ,42.1237,1.00001 ,6.63581 ,2.78191,1.06913 ,10 ,20.0021,9.9921 ,0.0540421 ,14.3394,8.18931 ,0.31041 ,52.4053;2,2,2,2,2,2;0.1,0.1,0.1,0.1,0.1,0.1;0,0,0,0,0,0;0,0,0,0,0,0;0.1,0.1,0.1,0.1,0.1,0.1;0.1,0.1,0.1,0.1,0.1,0.1;0.1,0.1,0.1,0.1,0.1,0.1;0,0,0.0439996,0.0378448,0.0325508,0.0279973,0.0240808,0.0207121,0.0178147,0.0153226,0.0131791,0.0113355,0.00974973,0.00838583,0.079101,0.00620406,0.00533588,0.00458943,0.00394741,0.0033952,0.030739,0.0289187,0.0267337,0.0245396,0.0224403,0.0204726,0.018648,0.0169671,0.015425,0.0140142,0.0127263,0.0115522,0.080817,0.00951075,0.00862656,0.00782326,0.00709373,0.00643143,0.00583035,0.00528497,0.00479023,0.00434151,0.0893047,0.00356616,0.00323112,0.00292787,0.00265299,0.00240384,0.00217802,0.00197337,0.0017879,0.00161983,0.0867486;
1.32081,0.627659,0.330736,0.372167,0.605695,1.08675;9.37967 ,0.0548013 ,34.2503,10 ,0.0548956 ,42.1237,1.04671 ,6.68123 ,2.87475,1.00001 ,9.72638 ,22.0365,9.9921 ,0.0540421 ,14.3394,8.79278 ,0.273624 ,8;2,2,2,2,2,2;0.1,0.1,0.1,0.1,0.1,0.1;0,0,0,0,0,0;0,0,0,0,0,0;0.1,0.1,0.1,0.1,0.1,0.1;0.1,0.1,0.1,0.1,0.1,0.1;0.1,0.1,0.1,0.1,0.1,0.1;0,0,0.0399982,0.0355713,0.0312121,0.0272368,0.0236963,0.0205768,0.114213,0.568303,0.350397,0.0936291,0.0220955,0.00995213,0.0794821,0.0064732,0.00558454,0.00482233,0.00416372,0.0035945,0.00310265,0.00267776,0.0368356,0.0331456,0.0298284,0.0268459,0.0241641,0.0217524,0.0195831,0.0176318,0.0158764,0.0142969,0.0128756,0.0115965,0.126205,0.00940949,0.00847618,0.00763632,0.00688013,0.00619921,0.00558601,0.00503376,0.0899064,0.00408884,0.00368471,0.00332111,0.00299353,0.00269839,0.00243244,0.0021928,0.00197685,0.00178223,0.00160683;
1.20777,0.627659,0.324211,0.372167,0.605695,1.09253;9.97937 ,0.050083 ,32.9902,10 ,0.0548956 ,42.1237,1.00001 ,6.63581 ,2.78191,1.00001 ,9.72638 ,22.0365,9.9921 ,0.0540421 ,14.3394,8.18931 ,0.31041 ,52.4053;2,2,2,2,2,2;0.1,0.1,0.1,0.1,0.1,0.1;0,0,0,0,0,0;0,0,0,0,0,0;0.1,0.1,0.1,0.1,0.1,0.1;0.1,0.1,0.1,0.1,0.1,0.1;0.1,0.1,0.1,0.1,0.1,0.1;0,0,0.0420221,0.0361439,0.0310879,0.026739,0.0229985,0.0197812,0.017014,0.0146339,0.0125868,0.010826,0.00931155,0.00800894,0.0787769,0.00592525,0.00509607,0.00438317,0.00377,0.00324261,0.002789,0.00239884,0.036588,0.0329263,0.0296345,0.0266747,0.0240131,0.0216193,0.019466,0.0175289,0.0157859,0.0142175,0.0831398,0.0115356,0.0103918,0.00936225,0.00843525,0.00760054,0.00684885,0.00617188,0.00556215,0.00501292,0.0898882,0.00407299,0.00367088,0.00330906,0.00298303,0.00268924,0.00242447,0.00218586,0.00197081,0.00177697,0.0868834;
1.20777,0.627659,0.324211,0.372167,0.616251,1.09253;9.97937 ,0.050083 ,32.9902,10 ,0.0548956 ,42.1237,1.08291 ,7.00015 ,2.56145,1.06913 ,10 ,20.0021,9.00393 ,0.0535314 ,14.7471,8.18931 ,0.31041 ,52.4053;2,2,2,2,2,2;0.1,0.1,0.1,0.1,0.1,0.1;0,0,0,0,0,0;0,0,0,0,0,0;0.1,0.1,0.1,0.1,0.1,0.1;0.1,0.1,0.1,0.1,0.1,0.1;0.1,0.1,0.1,0.1,0.1,0.1;0,0,0.035648,0.0327305,0.0293434,0.0260512,0.023005,0.0202463,0.0177769,0.015582,0.0136403,0.0119282,0.0104224,0.00910038,0.0406911,0.00692679,0.00603909,0.00526326,0.00458561,0.00399406,0.033253,0.0312919,0.0289368,0.0265699,0.0243033,0.0221769,0.0202039,0.018385,0.0167155,0.0151875,0.0137919,0.0125194,0.0816942,0.0103059,0.00934693,0.00847563,0.00768429,0.00696586,0.00631384,0.00572227,0.00518567,0.00469902,0.0896278,0.00385824,0.00349507,0.00316638,0.00286848,0.00259853,0.0023539,0.00213225,0.00193142,0.00174947,0.0868657;
1.25493,0.627659,0.339467,0.347714,0.605695,1.09253;9.97937 ,0.050083 ,32.9902,10 ,0.0548956 ,42.1237,1.00001 ,6.63581 ,2.78191,1.00001 ,9.72638 ,22.0365,9.9921 ,0.0540421 ,14.3394,8.18931 ,0.31041 ,52.4053;2,2,2,2,2,2;0.1,0.1,0.1,0.1,0.1,0.1;0,0,0,0,0,0;0,0,0,0,0,0;0.1,0.1,0.1,0.1,0.1,0.1;0.1,0.1,0.1,0.1,0.1,0.1;0.1,0.1,0.1,0.1,0.1,0.1;0,0,0.0439996,0.0378448,0.0325508,0.0279973,0.0240808,0.0207121,0.0178147,0.0153226,0.0131791,0.0113355,0.00974973,0.00838583,0.079101,0.00620406,0.00533588,0.00458943,0.00394741,0.0033952,0.00292024,0.00251172,0.0344167,0.0309631,0.0278595,0.0250701,0.0225627,0.0203084,0.0182813,0.0164582,0.0148184,0.0133433,0.0850962,0.010822,0.00974721,0.00877992,0.00790924,0.00712542,0.00641973,0.00578432,0.00521214,0.00469684,0.0896028,0.00381524,0.00343814,0.00309891,0.00279329,0.00251792,0.0022698,0.00204622,0.00184474,0.00166316,0.0867806;
1.20777,0.627659,0.324211,0.372167,0.605695,1.09253;9.97937 ,0.050083 ,32.9902,10 ,0.0548956 ,42.1237,1.00001 ,6.63581 ,2.78191,1.00001 ,9.72638 ,22.0365,9.9921 ,0.0540421 ,14.3394,8.18931 ,0.31041 ,52.4053;2,2,2,2,2,2;0.1,0.1,0.1,0.1,0.1,0.1;0,0,0,0,0,0;0,0,0,0,0,0;0.1,0.1,0.1,0.1,0.1,0.1;0.1,0.1,0.1,0.1,0.1,0.1;0.1,0.1,0.1,0.1,0.1,0.1;0,0,0.0420221,0.0361439,0.0310879,0.026739,0.0229985,0.0197812,0.017014,0.0146339,0.0125868,0.010826,0.00931155,0.00800894,0.0787769,0.00592525,0.00509607,0.00438317,0.00377,0.00324261,0.002789,0.00239884,0.036588,0.0329263,0.0296345,0.0266747,0.0240131,0.0216193,0.019466,0.0175289,0.0157859,0.0142175,0.0831398,0.0115356,0.0103918,0.00936225,0.00843525,0.00760054,0.00684885,0.00617188,0.00556215,0.00501292,0.0898882,0.00407299,0.00367088,0.00330906,0.00298303,0.00268924,0.00242447,0.00218586,0.00197081,0.00177697,0.0868834;
1.24485,0.627659,0.324211,0.393378,0.647835,1.02896;10 ,0.042406 ,31.7704,10 ,0.0548956 ,42.1237,1.00001 ,6.63581 ,2.78191,1.0001 ,8.76288 ,20.3807,10 ,0.0538371 ,15.4947,8.97824 ,0.271197 ,7.20586;2,2,2,2,2,2;0.1,0.1,0.1,0.1,0.1,0.1;0,0,0,0,0,0;0,0,0,0,0,0;0.1,0.1,0.1,0.1,0.1,0.1;0.1,0.1,0.1,0.1,0.1,0.1;0.1,0.1,0.1,0.1,0.1,0.1;0,0,0.0420221,0.0361439,0.0310879,0.026739,0.0229985,0.101778,0.534728,0.343934,0.0944309,0.0229812,0.010615,0.00812058,0.00689667,0.0807531,0.00509643,0.00438317,0.00377,0.00324261,0.0428326,0.0381263,0.0339389,0.0302134,0.0268987,0.0239492,0.0213246,0.0189889,0.0169101,0.0150597,0.0134127,0.0224115,0.0106411,0.00947893,0.00844411,0.00752264,0.00670207,0.00597128,0.00532043,0.00474073,0.00422437,0.00376442,0.0887247,0.00299018,0.00266444,0.0023747,0.00211654,0.0018865,0.00168153,0.00149887,0.0013361,0.00119103,0.00106175;
1.20777,0.627659,0.318134,0.374101,0.562231,1.09253;9.97937 ,0.050083 ,32.9902,10 ,0.0548956 ,42.1237,1.00001 ,6.63581 ,2.78191,1.00001 ,9.72638 ,22.0365,10 ,0.0546186 ,14.636,8.18931 ,0.31041 ,52.4053;2,2,2,2,2,2;0.1,0.1,0.1,0.1,0.1,0.1;0,0,0,0,0,0;0,0,0,0,0,0;0.1,0.1,0.1,0.1,0.1,0.1;0.1,0.1,0.1,0.1,0.1,0.1;0.1,0.1,0.1,0.1,0.1,0.1;0,0,0.0412346,0.0354665,0.0305052,0.0262379,0.0225675,0.0194105,0.0166952,0.0143597,0.0123509,0.0106231,0.00913704,0.00785884,0.0800996,0.00581429,0.00500056,0.00430103,0.00369935,0.00318184,0.00273673,0.00235388,0.0367288,0.033055,0.0297519,0.0267819,0.0241109,0.0217084,0.0195472,0.0176028,0.0158532,0.0142787,0.0831955,0.0115861,0.0104378,0.00940395,0.0084731,0.00763489,0.00688002,0.00620015,0.00558778,0.00503616,0.0899093,0.00409207,0.00368817,0.00332471,0.00299721,0.00270207,0.00243609,0.00219638,0.00198032,0.00178558,0.0868911;
1.22168,0.627659,0.305483,0.372167,0.512446,1.19445;10 ,0.0596738 ,29.6476,10 ,0.0548956 ,42.1237,1.02539 ,7.50074 ,2.84736,1.05719 ,9.69633 ,18.9926,10 ,0.0421023 ,13.0953,8.59807 ,0.335551 ,51.68;2,2,2,2,2,2;0.1,0.1,0.1,0.1,0.1,0.1;0,0,0,0,0,0;0,0,0,0,0,0;0.1,0.1,0.1,0.1,0.1,0.1;0.1,0.1,0.1,0.1,0.1,0.1;0.1,0.1,0.1,0.1,0.1,0.1;0,0,0.0343478,0.0305945,0.027053,0.0238499,0.0209917,0.0184569,0.0162165,0.0142407,0.0125006,0.0109696,0.0096237,0.012346,0.00740259,0.00649084,0.00569065,0.00498854,0.0357141,0.0332457,0.0305121,0.0278422,0.0253265,0.0229933,0.0208473,0.0188837,0.0170928,0.0154633,0.0139831,0.322776,0.0114314,0.0103207,0.00932286,0.00842017,0.00760383,0.00686583,0.00619885,0.00559618,0.00505173,0.00455997,0.00411585,0.00371481,0.0887228,0.00302634,0.00273068,0.00246428,0.00222382,0.00200679,0.0018109,0.00163412,0.00147457,0.0434433,0.415568;
1.20777,0.627659,0.318134,0.374101,0.605695,1.09253;9.31024 ,0.0523225 ,30.0388,10 ,0.0548956 ,42.1237,1.0001 ,7.37247 ,2.77145,1.00001 ,9.72638 ,22.0365,9.9921 ,0.0540421 ,14.3394,8.18931 ,0.31041 ,52.4053;2,2,2,2,2,2;0.1,0.1,0.1,0.1,0.1,0.1;0,0,0,0,0,0;0,0,0,0,0,0;0.1,0.1,0.1,0.1,0.1,0.1;0.1,0.1,0.1,0.1,0.1,0.1;0.1,0.1,0.1,0.1,0.1,0.1;0,0,0.0376728,0.0328966,0.0287251,0.0250822,0.0219012,0.0191235,0.0166981,0.0145803,0.012731,0.0111163,0.00970636,0.00847525,0.0792886,0.006462,0.00564209,0.00492646,0.0043016,0.00375599,0.00327959,0.00286361,0.0372046,0.0334968,0.0301605,0.0271582,0.0244563,0.0220244,0.0198356,0.0178653,0.0813441,0.0144949,0.0130571,0.0117626,0.0105969,0.00954728,0.00860197,0.00775062,0.00698383,0.00629316,0.00567103,0.00511061,0.0899758,0.00415144,0.00374112,0.00337191,0.00303925,0.00273949,0.00246938,0.00222596,0.00200661,0.00180892,0.0869119;
1.20777,0.627659,0.353046,0.372167,0.512446,1.09253;9.97937 ,0.050083 ,32.9902,10 ,0.0548956 ,42.1237,1.09638 ,6.19118 ,2.68972,1.05719 ,9.69633 ,18.9926,10 ,0.0421023 ,13.0953,8.18931 ,0.31041 ,52.4053;2,2,2,2,2,2;0.1,0.1,0.1,0.1,0.1,0.1;0,0,0,0,0,0;0,0,0,0,0,0;0.1,0.1,0.1,0.1,0.1,0.1;0.1,0.1,0.1,0.1,0.1,0.1;0.1,0.1,0.1,0.1,0.1,0.1;0,0,0.0427155,0.0388555,0.0343778,0.0300727,0.0261437,0.0226387,0.0195504,0.0168499,0.0145005,0.0124636,0.0107025,0.0130878,0.00787382,0.00674746,0.00577937,0.00494806,0.0355762,0.0330364,0.0302522,0.0275485,0.0250125,0.0226693,0.0205215,0.0185622,0.0167802,0.0151629,0.0136972,0.0123702,0.0111698,0.0100846,0.0794377,0.00821788,0.00741761,0.00669506,0.00604271,0.00545381,0.00492225,0.00444246,0.00400944,0.00361862,0.088636,0.00294814,0.00266034,0.00240109,0.00216712,0.00195598,0.00176542,0.00159344,0.00143823,0.00129815,0.0864528;
1.20777,0.627659,0.324296,0.372167,0.605695,1.18057;9.97937 ,0.050083 ,32.9902,10 ,0.0548956 ,42.1237,1.04562 ,5.52927 ,2.37085,1.0001 ,9.91175 ,22.9553,9.9921 ,0.0540421 ,14.3394,8.39293 ,0.285236 ,8;2,2,2,2,2,2;0.1,0.1,0.1,0.1,0.1,0.1;0,0,0,0,0,0;0,0,0,0,0,0;0.1,0.1,0.1,0.1,0.1,0.1;0.1,0.1,0.1,0.1,0.1,0.1;0.1,0.1,0.1,0.1,0.1,0.1;0,0,0.0464041,0.039971,0.0339809,0.0287336,0.0242251,0.0203861,0.134937,0.60878,0.369613,0.100158,0.0225541,0.00873474,0.0779953,0.00499877,0.00417521,0.00349404,0.00292401,0.00244661,0.00204688,0.00171224,0.035371,0.0318816,0.028742,0.0259164,0.0233729,0.0210826,0.0190198,0.0171614,0.0154868,0.0139774,0.0829505,0.0113897,0.010283,0.00928484,0.00838431,0.00757176,0.00683849,0.00617668,0.00557929,0.00503999,0.0899231,0.00411397,0.00371642,0.00335788,0.00303406,0.00274157,0.00247737,0.0022387,0.00202309,0.0018283,0.00165231;
1.18233,0.627659,0.325678,0.377041,0.605695,1.09253;9.37188 ,0.0474065 ,34.179,10 ,0.0548956 ,42.1237,1.00001 ,6.63581 ,2.78191,1.00001 ,9.72638 ,22.0365,9.9921 ,0.0540421 ,14.3394,8.18931 ,0.31041 ,52.4053;2,2,2,2,2,2;0.1,0.1,0.1,0.1,0.1,0.1;0,0,0,0,0,0;0,0,0,0,0,0;0.1,0.1,0.1,0.1,0.1,0.1;0.1,0.1,0.1,0.1,0.1,0.1;0.1,0.1,0.1,0.1,0.1,0.1;0,0,0.0422123,0.0363075,0.0312286,0.02686,0.0231026,0.0198708,0.0170911,0.0147002,0.0126438,0.010875,0.00935369,0.0080452,0.0788081,0.00595207,0.00511913,0.00440301,0.00378707,0.00325729,0.00280162,0.0024097,0.0370495,0.0333423,0.0300095,0.0270128,0.0243179,0.0218941,0.0197138,0.0177523,0.0159874,0.0143992,0.0129698,0.0116832,0.0337967,0.00948237,0.00854357,0.00769822,0.00693696,0.00625134,0.00563381,0.00507756,0.0899465,0.00412557,0.00371831,0.00335184,0.00302162,0.00272404,0.00245587,0.00221419,0.00199636,0.00180002,0.0869041;
1.20777,0.614867,0.294136,0.380968,0.546245,1.09253;9.37188 ,0.0474065 ,34.179,8.45141 ,0.0528279 ,40.5264,1.02442 ,5.70525 ,2.07385,1.0001 ,9.03643 ,23.5149,10 ,0.0567079 ,15.2359,8.18931 ,0.31041 ,52.4053;2,2,2,2,2,2;0.1,0.1,0.1,0.1,0.1,0.1;0,0,0,0,0,0;0,0,0,0,0,0;0.1,0.1,0.1,0.1,0.1,0.1;0.1,0.1,0.1,0.1,0.1,0.1;0.1,0.1,0.1,0.1,0.1,0.1;0,0,0.0420332,0.0358776,0.030409,0.0256999,0.0216858,0.0182805,0.0153993,0.0129657,0.0109125,0.00918161,0.00772339,0.00649544,0.0054618,0.100696,0.00386128,0.00324469,0.00272705,0.00229181,0.00192588,0.00161827,0.00135971,0.0388788,0.0347453,0.0310537,0.0277568,0.0248121,0.0221818,0.0198319,0.0177323,0.0158562,0.0141796,0.0126811,0.0351142,0.0101443,0.00907384,0.00811676,0.00726099,0.00649574,0.0239286,0.00519937,0.00465195,0.00416233,0.00372436,0.00333259,0.00298212,0.00266857,0.00238806,0.00213709,0.00191253,0.00171161,0.0868129;
1.18233,0.627659,0.318134,0.373883,0.595693,1.09253;9.97937 ,0.050083 ,32.9902,10 ,0.0548956 ,42.1237,1.00001 ,6.63581 ,2.78191,1.00001 ,9.72638 ,22.0365,9.9921 ,0.0540421 ,14.3394,8.18931 ,0.31041 ,52.4053;2,2,2,2,2,2;0.1,0.1,0.1,0.1,0.1,0.1;0,0,0,0,0,0;0,0,0,0,0,0;0.1,0.1,0.1,0.1,0.1,0.1;0.1,0.1,0.1,0.1,0.1,0.1;0.1,0.1,0.1,0.1,0.1,0.1;0,0,0.0412346,0.0354665,0.0305052,0.0262379,0.0225675,0.0194105,0.0166952,0.0143597,0.0123509,0.0106231,0.00913704,0.00785884,0.0774607,0.0058142,0.00500056,0.00430103,0.00369935,0.00318184,0.00273673,0.00235388,0.0367086,0.0330367,0.0297355,0.026767,0.0240975,0.0216963,0.0195363,0.0175929,0.0158443,0.0142707,0.0817065,0.0115796,0.0104319,0.00939863,0.00846831,0.00763056,0.00687611,0.00619662,0.0055846,0.00503329,0.0899067,0.00408973,0.00368606,0.00332281,0.00299549,0.00270052,0.0024347,0.00219512,0.00197919,0.00178455,0.0868902;
1.18754,0.718033,0.324211,0.372167,0.605695,1.09253;9.04149 ,0.0472084 ,32.9219,9.45851 ,0.050303 ,43.2534,1.01825 ,6.75036 ,2.87468,1.00001 ,9.72638 ,22.0365,10 ,0.0503502 ,13.8684,8.18931 ,0.31041 ,52.4053;2,2,2,2,2,2;0.1,0.1,0.1,0.1,0.1,0.1;0,0,0,0,0,0;0,0,0,0,0,0;0.1,0.1,0.1,0.1,0.1,0.1;0.1,0.1,0.1,0.1,0.1,0.1;0.1,0.1,0.1,0.1,0.1,0.1;0,0,0.0404096,0.0352892,0.0306563,0.0265744,0.0230089,0.0199069,0.0172143,0.0148803,0.0128591,0.0111098,0.00959681,0.0460461,0.00715782,0.00618058,0.00533629,0.00460696,0.00397703,0.00343301,0.00296324,0.00255763,0.0367322,0.0330568,0.0297522,0.0267807,0.0241083,0.0217046,0.0195424,0.0175971,0.0158468,0.0142717,0.029444,0.0115783,0.0104298,0.00939594,0.00846509,0.00762694,0.0068722,0.00619251,0.00558036,0.00502899,0.00453234,0.0333607,0.0036819,0.00331873,0.00299154,0.00269672,0.00243105,0.00219164,0.00197588,0.00178142,0.0868873;
1.31572,0.622462,0.328788,0.40286,0.606177,1.09253;10 ,0.0541391 ,31.4094,10 ,0.0609537 ,42.2349,1.00001 ,6.63581 ,2.78191,1.15725 ,9.70661 ,20.9377,9.9921 ,0.0540421 ,14.3394,8.18931 ,0.31041 ,52.4053;2,2,2,2,2,2;0.1,0.1,0.1,0.1,0.1,0.1;0,0,0,0,0,0;0,0,0,0,0,0;0.1,0.1,0.1,0.1,0.1,0.1;0.1,0.1,0.1,0.1,0.1,0.1;0.1,0.1,0.1,0.1,0.1,0.1;0,0,0.0426154,0.0366542,0.0315267,0.0271165,0.0233232,0.0200605,0.0172542,0.0148405,0.0127645,0.0109788,0.009443,0.00812201,0.0789314,0.00600889,0.00516801,0.00444505,0.00382323,0.00328839,0.0309684,0.0307415,0.0293112,0.0274903,0.0255512,0.0236147,0.0217403,0.0199583,0.0182831,0.0167205,0.0152709,0.173321,0.012699,0.0115651,0.0105261,0.00957492,0.0087054,0.00791138,0.007187,0.00652669,0.00592522,0.00537767,0.186582,0.00443342,0.00401461,0.0036404,0.00330048,0.00299181,0.00271159,0.00245727,0.00222651,0.00201717,0.0871084;
1.31876,0.627659,0.325678,0.377041,0.605695,1.09253;9.97937 ,0.050083 ,32.9902,9.39644 ,0.0496322 ,39.1262,1.02184 ,6.61602 ,2.60828,1.00001 ,9.72638 ,22.0365,9.9921 ,0.0540421 ,14.3394,8.18931 ,0.31041 ,52.4053;2,2,2,2,2,2;0.1,0.1,0.1,0.1,0.1,0.1;0,0,0,0,0,0;0,0,0,0,0,0;0.1,0.1,0.1,0.1,0.1,0.1;0.1,0.1,0.1,0.1,0.1,0.1;0.1,0.1,0.1,0.1,0.1,0.1;0,0,0.0411084,0.0358809,0.031122,0.0269249,0.023261,0.0200777,0.0173195,0.0149334,0.0128716,0.0110915,0.00955544,0.00823064,0.0789767,0.00610428,0.00525559,0.00452472,0.00389514,0.00335292,0.00288598,0.00248392,0.0371146,0.0333994,0.0300594,0.0270563,0.0243559,0.0219272,0.0197426,0.0177773,0.0160091,0.014418,0.0897832,0.0116974,0.0105373,0.00949296,0.00855273,0.00770614,0.00694379,0.0273736,0.00563892,0.00508195,0.00458026,0.0041283,0.00372112,0.00335426,0.00302371,0.00272584,0.00245742,0.00221551,0.0019975,0.001801,0.086905;
1.20777,0.627659,0.324211,0.372167,0.605695,1.09253;9.97937 ,0.050083 ,32.9902,10 ,0.0548956 ,42.1237,1.00001 ,6.63581 ,2.78191,1.00001 ,9.72638 ,22.0365,9.9921 ,0.0540421 ,14.3394,8.18931 ,0.31041 ,52.4053;2,2,2,2,2,2;0.1,0.1,0.1,0.1,0.1,0.1;0,0,0,0,0,0;0,0,0,0,0,0;0.1,0.1,0.1,0.1,0.1,0.1;0.1,0.1,0.1,0.1,0.1,0.1;0.1,0.1,0.1,0.1,0.1,0.1;0,0,0.0420221,0.0361439,0.0310879,0.026739,0.0229985,0.0197812,0.017014,0.0146339,0.0125868,0.010826,0.00931155,0.00800894,0.0787769,0.00592525,0.00509607,0.00438317,0.00377,0.00324261,0.002789,0.00239884,0.036588,0.0329263,0.0296345,0.0266747,0.0240131,0.0216193,0.019466,0.0175289,0.0157859,0.0142175,0.0831398,0.0115356,0.0103918,0.00936225,0.00843525,0.00760054,0.00684885,0.00617188,0.00556215,0.00501292,0.0898882,0.00407299,0.00367088,0.00330906,0.00298303,0.00268924,0.00242447,0.00218586,0.00197081,0.00177697,0.0868834;
1.20777,0.627659,0.324211,0.372167,0.605695,1.09253;9.97937 ,0.050083 ,32.9902,10 ,0.0548956 ,42.1237,1.00001 ,6.63581 ,2.78191,1.00001 ,9.72638 ,22.0365,9.9921 ,0.0540421 ,14.3394,8.18931 ,0.31041 ,52.4053;2,2,2,2,2,2;0.1,0.1,0.1,0.1,0.1,0.1;0,0,0,0,0,0;0,0,0,0,0,0;0.1,0.1,0.1,0.1,0.1,0.1;0.1,0.1,0.1,0.1,0.1,0.1;0.1,0.1,0.1,0.1,0.1,0.1;0,0,0.0420221,0.0361439,0.0310879,0.026739,0.0229985,0.0197812,0.017014,0.0146339,0.0125868,0.010826,0.00931155,0.00800894,0.0787769,0.00592525,0.00509607,0.00438317,0.00377,0.00324261,0.002789,0.00239884,0.036588,0.0329263,0.0296345,0.0266747,0.0240131,0.0216193,0.019466,0.0175289,0.0157859,0.0142175,0.0831398,0.0115356,0.0103918,0.00936225,0.00843525,0.00760054,0.00684885,0.00617188,0.00556215,0.00501292,0.0898882,0.00407299,0.00367088,0.00330906,0.00298303,0.00268924,0.00242447,0.00218586,0.00197081,0.00177697,0.0868834;
1.20777,0.627659,0.324211,0.372167,0.605695,1.09253;9.97937 ,0.050083 ,32.9902,10 ,0.0548956 ,42.1237,1.00001 ,6.63581 ,2.78191,1.00001 ,9.72638 ,22.0365,9.9921 ,0.0540421 ,14.3394,8.18931 ,0.31041 ,52.4053;2,2,2,2,2,2;0.1,0.1,0.1,0.1,0.1,0.1;0,0,0,0,0,0;0,0,0,0,0,0;0.1,0.1,0.1,0.1,0.1,0.1;0.1,0.1,0.1,0.1,0.1,0.1;0.1,0.1,0.1,0.1,0.1,0.1;0,0,0.0420221,0.0361439,0.0310879,0.026739,0.0229985,0.0197812,0.017014,0.0146339,0.0125868,0.010826,0.00931155,0.00800894,0.0787769,0.00592525,0.00509607,0.00438317,0.00377,0.00324261,0.002789,0.00239884,0.036588,0.0329263,0.0296345,0.0266747,0.0240131,0.0216193,0.019466,0.0175289,0.0157859,0.0142175,0.0831398,0.0115356,0.0103918,0.00936225,0.00843525,0.00760054,0.00684885,0.00617188,0.00556215,0.00501292,0.0898882,0.00407299,0.00367088,0.00330906,0.00298303,0.00268924,0.00242447,0.00218586,0.00197081,0.00177697,0.0868834;
1.0461,0.606023,0.324211,0.372167,0.605695,1.09253;8.9161 ,0.0456395 ,32.8491,10 ,0.0509819 ,45.5668,1.00001 ,6.63581 ,2.78191,1.00001 ,9.72638 ,22.0365,9.9921 ,0.0540421 ,14.3394,8.18931 ,0.31041 ,52.4053;2,2,2,2,2,2;0.1,0.1,0.1,0.1,0.1,0.1;0,0,0,0,0,0;0,0,0,0,0,0;0.1,0.1,0.1,0.1,0.1,0.1;0.1,0.1,0.1,0.1,0.1,0.1;0.1,0.1,0.1,0.1,0.1,0.1;0,0,0.0420221,0.0361439,0.0310879,0.026739,0.0229985,0.0197812,0.017014,0.0146339,0.0125868,0.010826,0.00931155,0.00800894,0.0787769,0.00592525,0.00509607,0.00438317,0.00377,0.00324261,0.002789,0.00239884,0.036588,0.0329263,0.0296345,0.0266747,0.0240131,0.0216193,0.019466,0.0175289,0.0157859,0.0142175,0.0213087,0.0115355,0.0103918,0.00936225,0.00843525,0.00760054,0.00684885,0.00617188,0.00556215,0.00501292,0.00451817,0.00407245,0.00367088,0.0459633,0.0029831,0.00268924,0.00242447,0.00218586,0.00197081,0.00177697,0.0868834;
1.30012,0.627659,0.324211,0.372167,0.618263,1.06023;9.23355 ,0.0464216 ,31.788,10 ,0.0548956 ,42.1237,1.00001 ,6.63581 ,2.78191,1.00001 ,9.72638 ,22.0365,10 ,0.0549168 ,14.3584,7.70698 ,0.303253 ,8;2,2,2,2,2,2;0.1,0.1,0.1,0.1,0.1,0.1;0,0,0,0,0,0;0,0,0,0,0,0;0.1,0.1,0.1,0.1,0.1,0.1;0.1,0.1,0.1,0.1,0.1,0.1;0.1,0.1,0.1,0.1,0.1,0.1;0,0,0.0420221,0.0361439,0.0310879,0.026739,0.0229985,0.0197812,0.154596,0.546059,0.310687,0.0867192,0.0218446,0.00958293,0.0914108,0.00594026,0.00509728,0.00438326,0.00377001,0.00324261,0.002789,0.00239884,0.036588,0.0329263,0.0296345,0.0266747,0.0240131,0.0216193,0.019466,0.0175289,0.0157859,0.0318138,0.012806,0.0115355,0.0103918,0.00936225,0.00843525,0.00760054,0.00684885,0.00617188,0.00556215,0.00501292,0.0898882,0.00407299,0.00367088,0.00330906,0.00298303,0.00268924,0.00242447,0.00218586,0.00197081,0.00177697,0.00160225;
1.20777,0.627659,0.324211,0.372167,0.605695,1.09253;9.97937 ,0.050083 ,32.9902,10 ,0.0548956 ,42.1237,1.00001 ,6.63581 ,2.78191,1.00001 ,9.72638 ,22.0365,9.9921 ,0.0540421 ,14.3394,8.18931 ,0.31041 ,52.4053;2,2,2,2,2,2;0.1,0.1,0.1,0.1,0.1,0.1;0,0,0,0,0,0;0,0,0,0,0,0;0.1,0.1,0.1,0.1,0.1,0.1;0.1,0.1,0.1,0.1,0.1,0.1;0.1,0.1,0.1,0.1,0.1,0.1;0,0,0.0420221,0.0361439,0.0310879,0.026739,0.0229985,0.0197812,0.017014,0.0146339,0.0125868,0.010826,0.00931155,0.00800894,0.0787769,0.00592525,0.00509607,0.00438317,0.00377,0.00324261,0.002789,0.00239884,0.036588,0.0329263,0.0296345,0.0266747,0.0240131,0.0216193,0.019466,0.0175289,0.0157859,0.0142175,0.0831398,0.0115356,0.0103918,0.00936225,0.00843525,0.00760054,0.00684885,0.00617188,0.00556215,0.00501292,0.0898882,0.00407299,0.00367088,0.00330906,0.00298303,0.00268924,0.00242447,0.00218586,0.00197081,0.00177697,0.0868834;
1.22333,0.627659,0.366848,0.372167,0.605695,1.09253;9.67911 ,0.051939 ,31.5353,10 ,0.0548956 ,42.1237,1.0001 ,6.66554 ,2.72731,1.00001 ,9.72638 ,22.0365,9.9921 ,0.0540421 ,14.3394,8.18931 ,0.31041 ,52.4053;2,2,2,2,2,2;0.1,0.1,0.1,0.1,0.1,0.1;0,0,0,0,0,0;0,0,0,0,0,0;0.1,0.1,0.1,0.1,0.1,0.1;0.1,0.1,0.1,0.1,0.1,0.1;0.1,0.1,0.1,0.1,0.1,0.1;0,0,0.0473629,0.0407674,0.0350894,0.0302018,0.0259949,0.0223738,0.0192572,0.0165746,0.0142657,0.0122784,0.010568,0.00909577,0.079717,0.00673841,0.00579941,0.0049915,0.00429614,0.00369765,0.00318254,0.00273918,0.0368824,0.0331808,0.0298546,0.026865,0.0241777,0.0217616,0.0195891,0.0176353,0.0158779,0.0956668,0.0128749,0.0115949,0.0104432,0.00940668,0.00847366,0.00763374,0.00687755,0.00619669,0.00558359,0.00503146,0.0899043,0.00408684,0.00368285,0.00331941,0.00299197,0.00269697,0.00243116,0.00219164,0.0019758,0.00178128,0.0868871;
1.20777,0.627659,0.324211,0.372167,0.605695,1.09253;9.97937 ,0.050083 ,32.9902,10 ,0.0548956 ,42.1237,1.00001 ,6.63581 ,2.78191,1.00001 ,9.72638 ,22.0365,9.9921 ,0.0540421 ,14.3394,8.18931 ,0.31041 ,52.4053;2,2,2,2,2,2;0.1,0.1,0.1,0.1,0.1,0.1;0,0,0,0,0,0;0,0,0,0,0,0;0.1,0.1,0.1,0.1,0.1,0.1;0.1,0.1,0.1,0.1,0.1,0.1;0.1,0.1,0.1,0.1,0.1,0.1;0,0,0.0420221,0.0361439,0.0310879,0.026739,0.0229985,0.0197812,0.017014,0.0146339,0.0125868,0.010826,0.00931155,0.00800894,0.0787769,0.00592525,0.00509607,0.00438317,0.00377,0.00324261,0.002789,0.00239884,0.036588,0.0329263,0.0296345,0.0266747,0.0240131,0.0216193,0.019466,0.0175289,0.0157859,0.0142175,0.0831398,0.0115356,0.0103918,0.00936225,0.00843525,0.00760054,0.00684885,0.00617188,0.00556215,0.00501292,0.0898882,0.00407299,0.00367088,0.00330906,0.00298303,0.00268924,0.00242447,0.00218586,0.00197081,0.00177697,0.0868834;
1.20777,0.627659,0.324211,0.35742,0.605695,1.09253;9.46001 ,0.051216 ,30.1328,10 ,0.0548956 ,42.1237,1.00001 ,6.63581 ,2.78191,1.00001 ,9.72638 ,22.0365,9.9921 ,0.0540421 ,14.3394,8.18931 ,0.31041 ,52.4053;2,2,2,2,2,2;0.1,0.1,0.1,0.1,0.1,0.1;0,0,0,0,0,0;0,0,0,0,0,0;0.1,0.1,0.1,0.1,0.1,0.1;0.1,0.1,0.1,0.1,0.1,0.1;0.1,0.1,0.1,0.1,0.1,0.1;0,0,0.0420221,0.0361439,0.0310879,0.026739,0.0229985,0.0197812,0.017014,0.0146339,0.0125868,0.010826,0.00931155,0.00800894,0.0787769,0.00592525,0.00509607,0.00438317,0.00377,0.00324261,0.002789,0.00239884,0.0352201,0.031692,0.0285207,0.0256698,0.0231064,0.0208012,0.0187278,0.0168628,0.074461,0.0136753,0.0123167,0.011094,0.00999349,0.00900282,0.00811093,0.00730791,0.00658481,0.00593364,0.00534718,0.00481896,0.0897132,0.00391508,0.0035284,0.0031805,0.00286703,0.00258457,0.00233003,0.00210065,0.00189392,0.00170759,0.0868208;
1.20777,0.627659,0.324211,0.372167,0.605695,1.09253;9.36371 ,0.0522502 ,30.0984,10 ,0.0548956 ,42.1237,1.08291 ,7.00015 ,2.56145,1.06913 ,10 ,20.0021,9.9921 ,0.0540421 ,14.3394,8.18931 ,0.31041 ,52.4053;2,2,2,2,2,2;0.1,0.1,0.1,0.1,0.1,0.1;0,0,0,0,0,0;0,0,0,0,0,0;0.1,0.1,0.1,0.1,0.1,0.1;0.1,0.1,0.1,0.1,0.1,0.1;0.1,0.1,0.1,0.1,0.1,0.1;0,0,0.035648,0.0327305,0.0293434,0.0260512,0.023005,0.0202463,0.0177769,0.015582,0.0136403,0.0119282,0.0104224,0.00910038,0.0798298,0.00692707,0.00603909,0.00526326,0.00458561,0.00399406,0.033253,0.0312919,0.0289368,0.0265699,0.0243033,0.0221769,0.0202039,0.018385,0.0167155,0.0151875,0.0808786,0.0125195,0.0113604,0.0103058,0.00934693,0.00847563,0.00768429,0.00696586,0.00631384,0.00572227,0.00518567,0.00469902,0.0896278,0.00385824,0.00349507,0.00316638,0.00286848,0.00259853,0.0023539,0.00213225,0.00193142,0.00174947,0.0868657;
1.20777,0.64246,0.338012,0.381613,0.605695,1.09253;9.97937 ,0.050083 ,32.9902,10 ,0.0565939 ,38.6392,1.08878 ,7.00337 ,2.70472,1.0001 ,9.53417 ,19.9099,9.9921 ,0.0540421 ,14.3394,8.18931 ,0.31041 ,52.4053;2,2,2,2,2,2;0.1,0.1,0.1,0.1,0.1,0.1;0,0,0,0,0,0;0,0,0,0,0,0;0.1,0.1,0.1,0.1,0.1,0.1;0.1,0.1,0.1,0.1,0.1,0.1;0.1,0.1,0.1,0.1,0.1,0.1;0,0,0.0368231,0.0339496,0.0305109,0.0271353,0.0239953,0.0211419,0.0185813,0.0163009,0.0142804,0.0124966,0.0109258,0.00954546,0.0802226,0.00727337,0.00634401,0.00553146,0.00482131,0.0402353,0.0361081,0.0324058,0.0290851,0.0261066,0.0234348,0.0210381,0.018888,0.016959,0.0152281,0.013675,0.0122812,0.0110302,0.0802413,0.0088997,0.00799488,0.00718261,0.00645331,0.00579844,0.116515,0.00468345,0.00420791,0.00378186,0.00339914,0.00305534,0.00274646,0.00246894,0.00221958,0.00199551,0.00179415,0.00161319,0.00145055,0.00130436,0.0864541;
1.20777,0.627659,0.324211,0.374101,0.512446,1.09253;9.63253 ,0.0536281 ,32.1942,10 ,0.0548956 ,42.1237,1.0001 ,7.37247 ,2.77145,1.05719 ,9.69633 ,18.9926,10 ,0.0421023 ,13.0953,8.18931 ,0.31041 ,52.4053;2,2,2,2,2,2;0.1,0.1,0.1,0.1,0.1,0.1;0,0,0,0,0,0;0,0,0,0,0,0;0.1,0.1,0.1,0.1,0.1,0.1;0.1,0.1,0.1,0.1,0.1,0.1;0.1,0.1,0.1,0.1,0.1,0.1;0,0,0.0383924,0.0335249,0.0292737,0.0255613,0.0223195,0.0194888,0.017017,0.0148587,0.0129742,0.0113286,0.00989175,0.0125419,0.00754163,0.00658508,0.00574985,0.00502055,0.0358881,0.0333939,0.0306368,0.0279466,0.0254138,0.0230661,0.0209081,0.0189343,0.0171351,0.0154986,0.0140126,0.0126648,0.0114437,0.010338,0.113896,0.0084328,0.00761424,0.00687468,0.00620639,0.00560265,0.0050573,0.00456479,0.00412004,0.00371848,0.088726,0.0030292,0.00273324,0.00246658,0.00222589,0.00200866,0.00181261,0.00163567,0.001476,0.0013319,0.086483;
1.20777,0.627659,0.318134,0.372167,0.605695,1.09253;9.31024 ,0.0523225 ,30.0388,10 ,0.0548956 ,42.1237,1.08291 ,7.00015 ,2.56145,1.06913 ,10 ,20.0021,9.9921 ,0.0540421 ,14.3394,8.18931 ,0.31041 ,52.4053;2,2,2,2,2,2;0.1,0.1,0.1,0.1,0.1,0.1;0,0,0,0,0,0;0,0,0,0,0,0;0.1,0.1,0.1,0.1,0.1,0.1;0.1,0.1,0.1,0.1,0.1,0.1;0.1,0.1,0.1,0.1,0.1,0.1;0,0,0.03498,0.0321171,0.0287935,0.025563,0.0225739,0.0198669,0.0174437,0.01529,0.0133846,0.0117047,0.0102271,0.00892982,0.0796809,0.00679725,0.00592591,0.00516462,0.00449967,0.0039192,0.0331878,0.0312351,0.0288874,0.026527,0.0242659,0.0221444,0.0201756,0.0183604,0.0166941,0.0151689,0.0790282,0.0125054,0.0113481,0.0102952,0.00933769,0.00846761,0.00767732,0.0069598,0.00630858,0.0057177,0.00518169,0.00469557,0.0896248,0.00385564,0.00349281,0.00316441,0.00286678,0.00259704,0.00235261,0.00213113,0.00193045,0.00174862,0.086865;
1.20777,0.627659,0.324211,0.372167,0.605695,1.09253;9.97937 ,0.050083 ,32.9902,10 ,0.0548956 ,42.1237,1.00001 ,6.63581 ,2.78191,1.00001 ,9.72638 ,22.0365,9.9921 ,0.0540421 ,14.3394,8.18931 ,0.31041 ,52.4053;2,2,2,2,2,2;0.1,0.1,0.1,0.1,0.1,0.1;0,0,0,0,0,0;0,0,0,0,0,0;0.1,0.1,0.1,0.1,0.1,0.1;0.1,0.1,0.1,0.1,0.1,0.1;0.1,0.1,0.1,0.1,0.1,0.1;0,0,0.0420221,0.0361439,0.0310879,0.026739,0.0229985,0.0197812,0.017014,0.0146339,0.0125868,0.010826,0.00931155,0.00800894,0.0787769,0.00592525,0.00509607,0.00438317,0.00377,0.00324261,0.002789,0.00239884,0.036588,0.0329263,0.0296345,0.0266747,0.0240131,0.0216193,0.019466,0.0175289,0.0157859,0.0142175,0.0831398,0.0115356,0.0103918,0.00936225,0.00843525,0.00760054,0.00684885,0.00617188,0.00556215,0.00501292,0.0898882,0.00407299,0.00367088,0.00330906,0.00298303,0.00268924,0.00242447,0.00218586,0.00197081,0.00177697,0.0868834;
1.20777,0.653838,0.318134,0.374101,0.512446,1.07422;9.31024 ,0.0523225 ,30.0388,10 ,0.0545242 ,40.3909,1.0001 ,7.37247 ,2.77145,1.05719 ,9.69633 ,18.9926,10 ,0.0421023 ,13.0953,8.63322 ,0.266249 ,7.81603;2,2,2,2,2,2;0.1,0.1,0.1,0.1,0.1,0.1;0,0,0,0,0,0;0,0,0,0,0,0;0.1,0.1,0.1,0.1,0.1,0.1;0.1,0.1,0.1,0.1,0.1,0.1;0.1,0.1,0.1,0.1,0.1,0.1;0,0,0.0376728,0.0328966,0.0287251,0.0250822,0.0219012,0.143154,0.592401,0.311872,0.0752064,0.0191383,0.0104606,0.0124373,0.00740399,0.00646188,0.0056421,0.00492646,0.035806,0.0333222,0.0305741,0.0278919,0.025366,0.0230244,0.0208717,0.0189026,0.0171073,0.0154744,0.0139914,0.0126464,0.07668,0.010324,0.00932515,0.00842173,0.00760487,0.00686649,0.00619924,0.0055964,0.00505185,0.00456003,0.0881865,0.00371532,0.00335278,0.0030259,0.00273082,0.00246447,0.00222405,0.00200705,0.0018112,0.00163445,0.00147493,0.00133096,0.00120105;
1.20777,0.627659,0.323084,0.35742,0.53471,1.09253;9.97937 ,0.050083 ,32.9902,9.26539 ,0.0587856 ,40.3324,1.00001 ,6.63581 ,2.78191,1.0001 ,10 ,22.3284,10 ,0.0529629 ,14.2499,8.18931 ,0.31041 ,52.4053;2,2,2,2,2,2;0.1,0.1,0.1,0.1,0.1,0.1;0,0,0,0,0,0;0,0,0,0,0,0;0.1,0.1,0.1,0.1,0.1,0.1;0.1,0.1,0.1,0.1,0.1,0.1;0.1,0.1,0.1,0.1,0.1,0.1;0,0,0.0418761,0.0360183,0.0309798,0.0266461,0.0229186,0.0197125,0.0169549,0.0145831,0.012543,0.0107884,0.00927918,0.0079811,0.0604023,0.00590449,0.00507835,0.00436794,0.0037569,0.00323134,0.0027793,0.0023905,0.0343912,0.0310285,0.0279978,0.0252661,0.0228037,0.0205836,0.0185818,0.0167765,0.0151482,0.0136792,0.0826877,0.011158,0.0100787,0.00910457,0.00822525,0.0074314,0.00671466,0.00606746,0.0964984,0.00495629,0.00447837,0.0040477,0.00365864,0.00330715,0.00298957,0.00270262,0.00244331,0.00220898,0.0019972,0.0018058,0.0869139;
1.20777,0.625107,0.324211,0.367557,0.605695,1.09253;9.97937 ,0.050083 ,32.9902,10 ,0.0548956 ,42.1237,1.00001 ,6.63581 ,2.78191,1.00001 ,9.72638 ,22.0365,9.9921 ,0.0540421 ,14.3394,8.18931 ,0.31041 ,52.4053;2,2,2,2,2,2;0.1,0.1,0.1,0.1,0.1,0.1;0,0,0,0,0,0;0,0,0,0,0,0;0.1,0.1,0.1,0.1,0.1,0.1;0.1,0.1,0.1,0.1,0.1,0.1;0.1,0.1,0.1,0.1,0.1,0.1;0,0,0.0420221,0.0361439,0.0310879,0.026739,0.0229985,0.0197812,0.017014,0.0146339,0.0125868,0.010826,0.00931155,0.00800894,0.0787769,0.00592525,0.00509607,0.00438317,0.00377,0.00324261,0.002789,0.00239884,0.0361604,0.0325404,0.0292863,0.0263605,0.0237296,0.0213635,0.0192353,0.0173207,0.015598,0.014048,0.0829869,0.0113976,0.0102673,0.00924988,0.00833386,0.00750905,0.00676631,0.0060974,0.00549494,0.00495229,0.0894864,0.00402362,0.00362634,0.00326887,0.00294676,0.00265651,0.00239495,0.00215922,0.00194677,0.00175528,0.0868638;
1.31422,0.627659,0.318134,0.372167,0.53471,1.16808;9.69635 ,0.0559119 ,29.8894,10 ,0.0548956 ,42.1237,1.00001 ,6.63581 ,2.78191,1.00001 ,9.72638 ,22.0365,9.9921 ,0.0540421 ,14.3394,8.0265 ,0.298461 ,47.5616;2,2,2,2,2,2;0.1,0.1,0.1,0.1,0.1,0.1;0,0,0,0,0,0;0,0,0,0,0,0;0.1,0.1,0.1,0.1,0.1,0.1;0.1,0.1,0.1,0.1,0.1,0.1;0.1,0.1,0.1,0.1,0.1,0.1;0,0,0.0412346,0.0354665,0.0305052,0.0262379,0.0225675,0.0194105,0.0166952,0.0143597,0.0123509,0.0106231,0.00913704,0.00785884,0.0702228,0.00581417,0.00500056,0.00430103,0.00369935,0.00318184,0.00273673,0.00235388,0.0365494,0.0328931,0.0296059,0.0266501,0.0239919,0.0216011,0.0194504,0.187687,0.0157756,0.0142076,0.0127974,0.0115281,0.0103855,0.0093568,0.00843056,0.0075965,0.00684538,0.0061689,0.00555958,0.00501072,0.0898863,0.00407136,0.00366948,0.00330785,0.00298199,0.129024,0.579986,0.351962,0.0945592,0.0173499,0.00356808;
1.18102,0.679071,0.323084,0.35742,0.644371,0.992876;9.95339 ,0.0459688 ,31.2657,10 ,0.0583523 ,39.3953,1.00001 ,6.63581 ,2.78191,1.0001 ,10 ,22.3284,10 ,0.0557418 ,13.7827,8.12066 ,0.32038 ,49.2609;2,2,2,2,2,2;0.1,0.1,0.1,0.1,0.1,0.1;0,0,0,0,0,0;0,0,0,0,0,0;0.1,0.1,0.1,0.1,0.1,0.1;0.1,0.1,0.1,0.1,0.1,0.1;0.1,0.1,0.1,0.1,0.1,0.1;0,0,0.0418761,0.0360183,0.0309798,0.0266461,0.0229186,0.0197125,0.0169549,0.0145831,0.012543,0.0107884,0.00927918,0.107152,0.00686544,0.00590432,0.00507835,0.00436794,0.0037569,0.00323134,0.0027793,0.0023905,0.0343912,0.0310285,0.0279978,0.0252661,0.0228037,0.0205836,0.0185818,0.0167765,0.0151482,0.0401926,0.0123539,0.011158,0.0100787,0.00910457,0.00822525,0.0074314,0.00671466,0.153619,0.00548572,0.00495514,0.00447837,0.0040477,0.00365864,0.00330715,0.00298957,0.00270262,0.00244331,0.072546,0.433672,0.343378,0.118467;
1.3141,0.627659,0.342265,0.378656,0.593204,1.09253;9.80252 ,0.0525803 ,32.9861,10 ,0.0548956 ,42.1237,1.0001 ,6.88998 ,2.71169,1.0001 ,10 ,21.6246,9.92703 ,0.0530509 ,13.43,8.18931 ,0.31041 ,52.4053;2,2,2,2,2,2;0.1,0.1,0.1,0.1,0.1,0.1;0,0,0,0,0,0;0,0,0,0,0,0;0.1,0.1,0.1,0.1,0.1,0.1;0.1,0.1,0.1,0.1,0.1,0.1;0.1,0.1,0.1,0.1,0.1,0.1;0,0,0.0429589,0.0371578,0.0321392,0.0277981,0.0240432,0.0207954,0.0179863,0.0155566,0.0134551,0.0116375,0.0100654,0.066027,0.00752977,0.00651241,0.00563264,0.00487172,0.00421359,0.00364436,0.00315204,0.0369825,0.0333564,0.0300891,0.0271451,0.0244919,0.0221007,0.0199451,0.0180018,0.0162494,0.0146691,0.0132438,0.11926,0.0107984,0.00975158,0.00880715,0.00795482,0.00718552,0.00649109,0.00586418,0.00529817,0.00478709,0.0896957,0.00390934,0.00353238,0.00319237,0.00288525,0.0026078,0.00235714,0.00213067,0.00192605,0.00174115,0.0868552;
1.11282,0.627659,0.324211,0.404209,0.562231,1.09253;10 ,0.0470846 ,32.7437,10 ,0.0548956 ,42.1237,1.00001 ,6.63581 ,2.78191,1.0271 ,10 ,22.3659,9.9921 ,0.0540421 ,14.3394,8.18931 ,0.31041 ,52.4053;2,2,2,2,2,2;0.1,0.1,0.1,0.1,0.1,0.1;0,0,0,0,0,0;0,0,0,0,0,0;0.1,0.1,0.1,0.1,0.1,0.1;0.1,0.1,0.1,0.1,0.1,0.1;0.1,0.1,0.1,0.1,0.1,0.1;0,0,0.0420221,0.0361439,0.0310879,0.026739,0.0229985,0.0197812,0.017014,0.0146339,0.0125868,0.010826,0.00931155,0.00800894,0.0736183,0.00592523,0.00509607,0.00438317,0.00377,0.00324261,0.002789,0.00239884,0.0369458,0.0339362,0.030949,0.0281439,0.0255542,0.0231814,0.0210161,0.019045,0.0172535,0.015627,0.0483628,0.0128136,0.011601,0.0105024,0.00950725,0.00860598,0.00778988,0.00705096,0.006382,0.00577641,0.0905983,0.00473254,0.00428287,0.00387634,0.00350839,0.00317537,0.00287396,0.00260116,0.00235425,0.00213079,0.0872097;
1.20777,0.627659,0.324211,0.372167,0.605695,1.0282;9.36371 ,0.0522502 ,30.0984,10 ,0.0548956 ,42.1237,1.08291 ,7.00015 ,2.56145,1.00001 ,9.72638 ,22.0365,9.9921 ,0.0540421 ,14.3394,8.85774 ,0.324037 ,52.4599;2,2,2,2,2,2;0.1,0.1,0.1,0.1,0.1,0.1;0,0,0,0,0,0;0,0,0,0,0,0;0.1,0.1,0.1,0.1,0.1,0.1;0.1,0.1,0.1,0.1,0.1,0.1;0.1,0.1,0.1,0.1,0.1,0.1;0,0,0.035648,0.0327305,0.0293434,0.0260512,0.023005,0.0202463,0.0177769,0.015582,0.0136403,0.0119282,0.0104224,0.00910038,0.0798298,0.00692707,0.00603909,0.00526326,0.00458561,0.00399406,0.00347792,0.00302779,0.0371602,0.0334451,0.0301035,0.0270978,0.0243938,0.0219613,0.0197726,0.0178033,0.0831179,0.0144365,0.0130011,0.0117093,0.0105464,0.00949957,0.00855715,0.00770866,0.00694467,0.00625674,0.00563724,0.00507934,0.0899469,0.00412484,0.00371665,0.00334944,0.00301865,0.00272063,0.00245213,0.00221022,0.00199225,0.00179584,0.0357426;
1.20777,0.627659,0.314068,0.372167,0.605695,1.09253;9.97937 ,0.050083 ,32.9902,10 ,0.0548956 ,42.1237,1.026 ,6.04833 ,2.58813,1.06913 ,10 ,20.0021,9.9921 ,0.0540421 ,14.3394,8.18931 ,0.31041 ,52.4053;2,2,2,2,2,2;0.1,0.1,0.1,0.1,0.1,0.1;0,0,0,0,0,0;0,0,0,0,0,0;0.1,0.1,0.1,0.1,0.1,0.1;0.1,0.1,0.1,0.1,0.1,0.1;0.1,0.1,0.1,0.1,0.1,0.1;0,0,0.0426131,0.036776,0.031502,0.0269018,0.0229349,0.0195322,0.0166222,0.0141381,0.0120203,0.0102165,0.00868109,0.00737484,0.0781523,0.00532001,0.0045171,0.00383517,0.00325585,0.0027638,0.032121,0.0302551,0.0279912,0.0257106,0.0235247,0.0214736,0.0195701,0.0178153,0.0162043,0.0147297,0.0133827,0.0121541,0.0813686,0.0100161,0.0090893,0.00824686,0.00748136,0.00678604,0.00615464,0.00558145,0.0050612,0.0045891,0.0895308,0.0037727,0.00341967,0.00309997,0.00281002,0.00254709,0.00230867,0.00209249,0.00189649,0.0017188,0.0868388;
1.20777,0.592101,0.324211,0.372167,0.562231,1.09253;9.97937 ,0.050083 ,32.9902,10 ,0.0548956 ,42.1237,1.00001 ,6.63581 ,2.78191,1.00001 ,9.72638 ,22.0365,10 ,0.0546186 ,14.636,8.18931 ,0.31041 ,52.4053;2,2,2,2,2,2;0.1,0.1,0.1,0.1,0.1,0.1;0,0,0,0,0,0;0,0,0,0,0,0;0.1,0.1,0.1,0.1,0.1,0.1;0.1,0.1,0.1,0.1,0.1,0.1;0.1,0.1,0.1,0.1,0.1,0.1;0,0,0.0420221,0.0361439,0.0310879,0.026739,0.0229985,0.0197812,0.017014,0.0146339,0.0125868,0.010826,0.00931155,0.00800894,0.0802287,0.00592533,0.00509607,0.00438317,0.00377,0.00324261,0.002789,0.00239884,0.036588,0.0329263,0.0296345,0.0266747,0.0240131,0.0216193,0.019466,0.0175289,0.0157859,0.0142175,0.0831398,0.0115356,0.0103918,0.00936225,0.00843525,0.00760054,0.00684885,0.00617188,0.00556215,0.00501292,0.0850519,0.00407296,0.00367088,0.00330906,0.00298303,0.00268924,0.00242447,0.00218586,0.00197081,0.00177697,0.0868834;
1.20777,0.627659,0.324211,0.380248,0.605695,1.09253;9.97937 ,0.050083 ,32.9902,9.72262 ,0.055653 ,44.0789,1.00001 ,6.63581 ,2.78191,1.00443 ,9.85262 ,21.9177,9.9921 ,0.0540421 ,14.3394,8.18931 ,0.31041 ,52.4053;2,2,2,2,2,2;0.1,0.1,0.1,0.1,0.1,0.1;0,0,0,0,0,0;0,0,0,0,0,0;0.1,0.1,0.1,0.1,0.1,0.1;0.1,0.1,0.1,0.1,0.1,0.1;0.1,0.1,0.1,0.1,0.1,0.1;0,0,0.0420221,0.0361439,0.0310879,0.026739,0.0229985,0.0197812,0.017014,0.0146339,0.0125868,0.010826,0.00931155,0.00800894,0.0787769,0.00592525,0.00509607,0.00438317,0.00377,0.00324261,0.002789,0.0370035,0.0334243,0.0301599,0.0272047,0.0245358,0.0221278,0.0199561,0.0179981,0.0162329,0.0146415,0.0132069,0.0822475,0.0107477,0.00969635,0.00874842,0.00789363,0.00712278,0.00642757,0.00580054,0.00523495,0.00472476,0.0042645,0.00384926,0.0830848,0.00313709,0.00283152,0.00255625,0.00230783,0.00208363,0.00188128,0.00169863,0.0868149;
1.20777,0.592664,0.338216,0.337029,0.688592,1.20135;9.97937 ,0.050083 ,32.9902,9.00446 ,0.0551705 ,38.5235,1.02929 ,6.8254 ,2.3231,1.03583 ,10 ,18.4448,9.30223 ,0.0487054 ,15.0658,7.58197 ,0.299888 ,51.4123;2,2,2,2,2,2;0.1,0.1,0.1,0.1,0.1,0.1;0,0,0,0,0,0;0,0,0,0,0,0;0.1,0.1,0.1,0.1,0.1,0.1;0.1,0.1,0.1,0.1,0.1,0.1;0.1,0.1,0.1,0.1,0.1,0.1;0,0,0.0411191,0.0362437,0.0316783,0.0275926,0.0239884,0.0208301,0.0180727,0.0156709,0.013582,0.0117672,0.010192,0.00882542,0.00764055,0.0240261,0.00572384,0.00495312,0.0329237,0.0302721,0.0275956,0.0250704,0.0227359,0.020597,0.0186468,0.0168735,0.0152642,0.0138054,0.0124841,0.0112882,0.0102061,0.00922742,0.0786762,0.00754227,0.00681878,0.00616484,0.00557372,0.00503941,0.0463906,0.00412004,0.0037253,0.00336862,0.00304619,0.00275472,0.00249123,0.00225303,0.00203767,0.00184296,0.00166692,0.00150774,0.00136381,0.181337,0.615869;
1.20777,0.627659,0.324211,0.372167,0.605695,1.09253;9.97937 ,0.050083 ,32.9902,10 ,0.0548956 ,42.1237,1.00001 ,6.63581 ,2.78191,1.00001 ,9.72638 ,22.0365,9.9921 ,0.0540421 ,14.3394,8.18931 ,0.31041 ,52.4053;2,2,2,2,2,2;0.1,0.1,0.1,0.1,0.1,0.1;0,0,0,0,0,0;0,0,0,0,0,0;0.1,0.1,0.1,0.1,0.1,0.1;0.1,0.1,0.1,0.1,0.1,0.1;0.1,0.1,0.1,0.1,0.1,0.1;0,0,0.0420221,0.0361439,0.0310879,0.026739,0.0229985,0.0197812,0.017014,0.0146339,0.0125868,0.010826,0.00931155,0.00800894,0.0787769,0.00592525,0.00509607,0.00438317,0.00377,0.00324261,0.002789,0.00239884,0.036588,0.0329263,0.0296345,0.0266747,0.0240131,0.0216193,0.019466,0.0175289,0.0157859,0.0142175,0.0831398,0.0115356,0.0103918,0.00936225,0.00843525,0.00760054,0.00684885,0.00617188,0.00556215,0.00501292,0.0898882,0.00407299,0.00367088,0.00330906,0.00298303,0.00268924,0.00242447,0.00218586,0.00197081,0.00177697,0.0868834;
1.20777,0.627659,0.324211,0.372167,0.610361,1.09253;9.97937 ,0.050083 ,32.9902,10 ,0.0548956 ,42.1237,1.00001 ,6.63581 ,2.78191,1.00001 ,9.72638 ,22.0365,9.5577 ,0.051399 ,11.9707,8.18931 ,0.31041 ,52.4053;2,2,2,2,2,2;0.1,0.1,0.1,0.1,0.1,0.1;0,0,0,0,0,0;0,0,0,0,0,0;0.1,0.1,0.1,0.1,0.1,0.1;0.1,0.1,0.1,0.1,0.1,0.1;0.1,0.1,0.1,0.1,0.1,0.1;0,0,0.0420221,0.0361439,0.0310879,0.026739,0.0229985,0.0197812,0.017014,0.0146339,0.0125868,0.0442956,0.00931159,0.00800894,0.00688856,0.00592491,0.00509607,0.00438317,0.00377,0.00324261,0.002789,0.00239884,0.036588,0.0329263,0.0296345,0.0266747,0.0240131,0.0216193,0.019466,0.0175289,0.0157859,0.0142175,0.0831398,0.0115356,0.0103918,0.00936225,0.00843525,0.00760054,0.00684885,0.00617188,0.00556215,0.00501292,0.0898882,0.00407299,0.00367088,0.00330906,0.00298303,0.00268924,0.00242447,0.00218586,0.00197081,0.00177697,0.0868834;
1.32001,0.627659,0.324211,0.372167,0.605695,1.09813;10 ,0.0473497 ,31.9102,10 ,0.0548956 ,42.1237,1.00001 ,6.63581 ,2.78191,1.00001 ,9.72638 ,22.0365,9.9921 ,0.0540421 ,14.3394,8.70893 ,0.297563 ,48.1209;2,2,2,2,2,2;0.1,0.1,0.1,0.1,0.1,0.1;0,0,0,0,0,0;0,0,0,0,0,0;0.1,0.1,0.1,0.1,0.1,0.1;0.1,0.1,0.1,0.1,0.1,0.1;0.1,0.1,0.1,0.1,0.1,0.1;0,0,0.0420221,0.0361439,0.0310879,0.026739,0.0229985,0.0197812,0.017014,0.0146339,0.0125868,0.010826,0.00931155,0.00800894,0.0787769,0.00592525,0.00509607,0.00438317,0.00377,0.00324261,0.002789,0.00239884,0.036588,0.0329263,0.0296345,0.0266747,0.0240131,0.0216193,0.019466,0.0175289,0.0157859,0.0574266,0.012806,0.0115355,0.0103918,0.00936225,0.00843525,0.00760054,0.00684885,0.00617188,0.00556215,0.00501292,0.0898882,0.00407299,0.00367088,0.00330906,0.00298303,0.00268924,0.0698158,0.491649,0.388954,0.125182,0.0255299;
1.2286,0.627659,0.323683,0.360661,0.580058,1.15133;10 ,0.0490374 ,35.5498,10 ,0.0548956 ,42.1237,1.0001 ,6.20767 ,2.78258,1.0001 ,9.90115 ,18.6478,9.40054 ,0.0530019 ,13.7529,8.59232 ,0.295028 ,51.6106;2,2,2,2,2,2;0.1,0.1,0.1,0.1,0.1,0.1;0,0,0,0,0,0;0,0,0,0,0,0;0.1,0.1,0.1,0.1,0.1,0.1;0.1,0.1,0.1,0.1,0.1,0.1;0.1,0.1,0.1,0.1,0.1,0.1;0,0,0.0443789,0.0377786,0.032159,0.027375,0.0233025,0.0198358,0.0168848,0.0143728,0.0122344,0.0104142,0.00886484,0.0455614,0.00642335,0.00546762,0.00465415,0.00396171,0.0362935,0.0326313,0.0293463,0.026399,0.0237538,0.0213789,0.019246,0.0173297,0.0156075,0.0140593,0.0126671,0.0114148,0.0102881,0.00927412,0.00836136,0.00753953,0.00679941,0.0647435,0.00553218,0.00499093,0.00450316,0.00406349,0.00366711,0.0033097,0.0883575,0.00269723,0.00243448,0.00219792,0.00198448,0.0017919,0.0016181,0.00146124,0.00131967,0.0831209,0.534299;
1.20777,0.619916,0.368991,0.348586,0.605695,1.09253;9.97937 ,0.050083 ,32.9902,9.60347 ,0.0619288 ,38.6949,1.17561 ,6.59632 ,2.86346,1.06279 ,9.11199 ,18.4927,9.9921 ,0.0540421 ,14.3394,8.18931 ,0.31041 ,52.4053;2,2,2,2,2,2;0.1,0.1,0.1,0.1,0.1,0.1;0,0,0,0,0,0;0,0,0,0,0,0;0.1,0.1,0.1,0.1,0.1,0.1;0.1,0.1,0.1,0.1,0.1,0.1;0.1,0.1,0.1,0.1,0.1,0.1;0,0,0.0373118,0.0362136,0.0334162,0.0302036,0.0269922,0.02395,0.0211457,0.0186024,0.0163197,0.0142859,0.0124836,0.0108927,0.0813813,0.0082648,0.00718849,0.00624771,0.0362691,0.0335765,0.0306193,0.0277518,0.0250695,0.0225997,0.0203447,0.0182964,0.0164422,0.0147676,0.0132578,0.0118982,0.010675,0.00957554,0.0789216,0.00770079,0.00690449,0.00619,0.005549,0.00497407,0.165125,0.00400223,0.00358168,0.0032101,0.00287702,0.00257847,0.00231088,0.00207105,0.0018561,0.00166347,0.00149083,0.00133611,0.00119746,0.00107321,0.086243;
1.20777,0.627659,0.324211,0.372167,0.605695,1.09253;9.97937 ,0.050083 ,32.9902,10 ,0.0548956 ,42.1237,1.00001 ,6.63581 ,2.78191,1.00001 ,9.72638 ,22.0365,9.9921 ,0.0540421 ,14.3394,8.18931 ,0.31041 ,52.4053;2,2,2,2,2,2;0.1,0.1,0.1,0.1,0.1,0.1;0,0,0,0,0,0;0,0,0,0,0,0;0.1,0.1,0.1,0.1,0.1,0.1;0.1,0.1,0.1,0.1,0.1,0.1;0.1,0.1,0.1,0.1,0.1,0.1;0,0,0.0420221,0.0361439,0.0310879,0.026739,0.0229985,0.0197812,0.017014,0.0146339,0.0125868,0.010826,0.00931155,0.00800894,0.0787769,0.00592525,0.00509607,0.00438317,0.00377,0.00324261,0.002789,0.00239884,0.036588,0.0329263,0.0296345,0.0266747,0.0240131,0.0216193,0.019466,0.0175289,0.0157859,0.0142175,0.0831398,0.0115356,0.0103918,0.00936225,0.00843525,0.00760054,0.00684885,0.00617188,0.00556215,0.00501292,0.0898882,0.00407299,0.00367088,0.00330906,0.00298303,0.00268924,0.00242447,0.00218586,0.00197081,0.00177697,0.0868834;
1.17455,0.627659,0.35639,0.401453,0.605695,1.09253;9.16296 ,0.0507289 ,33.1023,10 ,0.0548956 ,42.1237,1.0001 ,6.42926 ,2.52636,1.05701 ,8.62713 ,22.1057,9.9921 ,0.0540421 ,14.3394,8.18931 ,0.31041 ,52.4053;2,2,2,2,2,2;0.1,0.1,0.1,0.1,0.1,0.1;0,0,0,0,0,0;0,0,0,0,0,0;0.1,0.1,0.1,0.1,0.1,0.1;0.1,0.1,0.1,0.1,0.1,0.1;0.1,0.1,0.1,0.1,0.1,0.1;0,0,0.0474416,0.0406106,0.0347622,0.0297557,0.0254701,0.0218016,0.0186615,0.0159736,0.0136728,0.0117034,0.0100177,0.00857474,0.0792279,0.00628277,0.00537751,0.00460293,0.00393992,0.00337241,0.00288664,0.00247085,0.0398925,0.0368093,0.0334469,0.0302023,0.0271801,0.0244084,0.0218876,0.0196065,0.0175494,0.0156985,0.0140359,0.0537341,0.0112078,0.0100108,0.00893964,0.00798149,0.00712481,0.00635914,0.00567502,0.00506392,0.0898882,0.0040314,0.00359583,0.00320751,0.00286095,0.00255167,0.00227571,0.0020295,0.00180984,0.00161389,0.0867202;
1.20777,0.627659,0.324211,0.372167,0.605695,1.09253;9.97937 ,0.050083 ,32.9902,10 ,0.0548956 ,42.1237,1.00001 ,6.63581 ,2.78191,1.00001 ,9.72638 ,22.0365,9.9921 ,0.0540421 ,14.3394,8.18931 ,0.31041 ,52.4053;2,2,2,2,2,2;0.1,0.1,0.1,0.1,0.1,0.1;0,0,0,0,0,0;0,0,0,0,0,0;0.1,0.1,0.1,0.1,0.1,0.1;0.1,0.1,0.1,0.1,0.1,0.1;0.1,0.1,0.1,0.1,0.1,0.1;0,0,0.0420221,0.0361439,0.0310879,0.026739,0.0229985,0.0197812,0.017014,0.0146339,0.0125868,0.010826,0.00931155,0.00800894,0.0787769,0.00592525,0.00509607,0.00438317,0.00377,0.00324261,0.002789,0.00239884,0.036588,0.0329263,0.0296345,0.0266747,0.0240131,0.0216193,0.019466,0.0175289,0.0157859,0.0142175,0.0831398,0.0115356,0.0103918,0.00936225,0.00843525,0.00760054,0.00684885,0.00617188,0.00556215,0.00501292,0.0898882,0.00407299,0.00367088,0.00330906,0.00298303,0.00268924,0.00242447,0.00218586,0.00197081,0.00177697,0.0868834;
1.1251,0.627659,0.358762,0.372167,0.605695,1.09253;9.2774 ,0.0528255 ,32.8834,10 ,0.0548956 ,42.1237,1.0001 ,7.37247 ,2.77145,1.0789 ,9.39888 ,20.4365,9.9921 ,0.0540421 ,14.3394,8.18931 ,0.31041 ,52.4053;2,2,2,2,2,2;0.1,0.1,0.1,0.1,0.1,0.1;0,0,0,0,0,0;0,0,0,0,0,0;0.1,0.1,0.1,0.1,0.1,0.1;0.1,0.1,0.1,0.1,0.1,0.1;0.1,0.1,0.1,0.1,0.1,0.1;0,0,0.0424839,0.0370977,0.0323934,0.0282854,0.0246981,0.0215657,0.0188306,0.0164423,0.0143568,0.0125359,0.0109459,0.0095576,0.0802337,0.0072872,0.00636262,0.0055556,0.00485094,0.00423566,0.0347664,0.0327317,0.0302067,0.0276502,0.0251979,0.0228992,0.0207706,0.0188139,0.0170239,0.0153916,0.0139069,0.0125588,0.0763835,0.0102295,0.00922762,0.00832173,0.00750307,0.00676361,0.00609598,0.00549342,0.00494976,0.00445937,0.0893872,0.00361895,0.00325899,0.00293505,0.00264312,0.00238008,0.00214309,0.0019296,0.00173729,0.00156408,0.0866892;
1.20777,0.627659,0.324211,0.372167,0.605695,1.09253;9.97937 ,0.050083 ,32.9902,10 ,0.0548956 ,42.1237,1.00001 ,6.63581 ,2.78191,1.00001 ,9.72638 ,22.0365,9.9921 ,0.0540421 ,14.3394,8.18931 ,0.31041 ,52.4053;2,2,2,2,2,2;0.1,0.1,0.1,0.1,0.1,0.1;0,0,0,0,0,0;0,0,0,0,0,0;0.1,0.1,0.1,0.1,0.1,0.1;0.1,0.1,0.1,0.1,0.1,0.1;0.1,0.1,0.1,0.1,0.1,0.1;0,0,0.0420221,0.0361439,0.0310879,0.026739,0.0229985,0.0197812,0.017014,0.0146339,0.0125868,0.010826,0.00931155,0.00800894,0.0787769,0.00592525,0.00509607,0.00438317,0.00377,0.00324261,0.002789,0.00239884,0.036588,0.0329263,0.0296345,0.0266747,0.0240131,0.0216193,0.019466,0.0175289,0.0157859,0.0142175,0.0831398,0.0115356,0.0103918,0.00936225,0.00843525,0.00760054,0.00684885,0.00617188,0.00556215,0.00501292,0.0898882,0.00407299,0.00367088,0.00330906,0.00298303,0.00268924,0.00242447,0.00218586,0.00197081,0.00177697,0.0868834;
1.18941,0.687176,0.316331,0.372167,0.595031,1.02479;9.76865 ,0.0454501 ,31.8216,10 ,0.0583537 ,41.6895,1.05269 ,6.42837 ,2.81802,1.00001 ,9.72638 ,22.0365,9.43255 ,0.0524827 ,13.0423,7.54468 ,0.292434 ,52.7612;2,2,2,2,2,2;0.1,0.1,0.1,0.1,0.1,0.1;0,0,0,0,0,0;0,0,0,0,0,0;0.1,0.1,0.1,0.1,0.1,0.1;0.1,0.1,0.1,0.1,0.1,0.1;0.1,0.1,0.1,0.1,0.1,0.1;0,0,0.0392778,0.0348697,0.0304906,0.0264966,0.0229475,0.0198312,0.0171126,0.0147507,0.0127043,0.0109346,0.00940638,0.0444554,0.00695234,0.00597398,0.00513196,0.00440759,0.00378468,0.00324921,0.00278905,0.0023937,0.0365789,0.0329142,0.0296202,0.026659,0.0239966,0.0216024,0.0194492,0.0175123,0.0157699,0.0341197,0.0127913,0.0115217,0.0103789,0.00935021,0.00842409,0.00759025,0.0068394,0.00616323,0.00555425,0.154343,0.00451442,0.00406656,0.00366556,0.00330426,0.00297872,0.00268536,0.002421,0.00218276,0.00196803,0.00177449,0.177073;
1.17729,0.627659,0.35232,0.372167,0.605695,0.988209;10 ,0.0485788 ,34.6733,10 ,0.0548956 ,42.1237,1.0001 ,6.44329 ,2.87127,1.00001 ,9.72638 ,22.0365,10 ,0.0499653 ,13.3902,8.39363 ,0.291928 ,8;2,2,2,2,2,2;0.1,0.1,0.1,0.1,0.1,0.1;0,0,0,0,0,0;0,0,0,0,0,0;0.1,0.1,0.1,0.1,0.1,0.1;0.1,0.1,0.1,0.1,0.1,0.1;0.1,0.1,0.1,0.1,0.1,0.1;0,0,0.0468135,0.0400865,0.0343252,0.0293916,0.025167,0.0215494,0.106362,0.496712,0.327105,0.097173,0.024415,0.0452934,0.00745664,0.00624274,0.00533279,0.00456522,0.00390889,0.00334698,0.00286585,0.00245387,0.0366259,0.0329508,0.0296486,0.0266809,0.0240133,0.0216151,0.0194587,0.0175194,0.015775,0.0142058,0.0127939,0.0115234,0.0612727,0.00935079,0.00842429,0.00759018,0.00683916,0.00616286,0.00555381,0.00500526,0.0898812,0.00406659,0.00366506,0.00330379,0.00297827,0.00268494,0.00242062,0.0021824,0.00196771,0.0017742,0.00159978;
1.20777,0.627659,0.292324,0.375524,0.660031,1.09253;9.97937 ,0.050083 ,32.9902,10 ,0.0548956 ,42.1237,1.00001 ,6.63581 ,2.78191,1.00001 ,9.72638 ,22.0365,9.9921 ,0.0540421 ,14.3394,8.18931 ,0.31041 ,52.4053;2,2,2,2,2,2;0.1,0.1,0.1,0.1,0.1,0.1;0,0,0,0,0,0;0,0,0,0,0,0;0.1,0.1,0.1,0.1,0.1,0.1;0.1,0.1,0.1,0.1,0.1,0.1;0.1,0.1,0.1,0.1,0.1,0.1;0,0,0.0378892,0.0325891,0.0280303,0.0241092,0.0207366,0.0178357,0.0153407,0.0131947,0.0113489,0.00976125,0.00839574,0.00722125,0.0845484,0.00534255,0.00459486,0.00395208,0.00339922,0.00292369,0.00251469,0.00216291,0.0366965,0.0330328,0.0297379,0.0267743,0.0241085,0.02171,0.0195519,0.0176099,0.015862,0.0142887,0.0832063,0.0115974,0.0104493,0.00941547,0.00848447,0.00764599,0.00689076,0.00621046,0.00559762,0.0050455,0.0899181,0.00410037,0.00369595,0.00333199,0.00300399,0.00270837,0.00244194,0.00220179,0.00198533,0.0017902,0.0868954;
1.20777,0.627659,0.324211,0.372167,0.626381,1.16694;9.97937 ,0.050083 ,32.9902,10 ,0.0548956 ,42.1237,1.00001 ,6.63581 ,2.78191,1.00001 ,9.72638 ,22.0365,10 ,0.0501787 ,13.9262,8.75302 ,0.303226 ,47.8736;2,2,2,2,2,2;0.1,0.1,0.1,0.1,0.1,0.1;0,0,0,0,0,0;0,0,0,0,0,0;0.1,0.1,0.1,0.1,0.1,0.1;0.1,0.1,0.1,0.1,0.1,0.1;0.1,0.1,0.1,0.1,0.1,0.1;0,0,0.0420221,0.0361439,0.0310879,0.026739,0.0229985,0.0197812,0.017014,0.0146339,0.0125868,0.010826,0.00931155,0.0457596,0.00688861,0.00592491,0.00509607,0.00438317,0.00377,0.00324261,0.002789,0.00239884,0.036588,0.0329263,0.0296345,0.0266747,0.0240131,0.0216193,0.019466,0.0175289,0.0157859,0.0142175,0.0831398,0.0115356,0.0103918,0.00936225,0.00843525,0.00760054,0.00684885,0.00617188,0.00556215,0.00501292,0.0898882,0.00407299,0.00367088,0.00330906,0.00298303,0.064837,0.497955,0.426868,0.14801,0.0322257,0.00622836;
1.20777,0.627659,0.324211,0.372167,0.605695,1.09253;9.97937 ,0.050083 ,32.9902,10 ,0.0548956 ,42.1237,1.00001 ,6.63581 ,2.78191,1.00001 ,9.72638 ,22.0365,9.9921 ,0.0540421 ,14.3394,8.18931 ,0.31041 ,52.4053;2,2,2,2,2,2;0.1,0.1,0.1,0.1,0.1,0.1;0,0,0,0,0,0;0,0,0,0,0,0;0.1,0.1,0.1,0.1,0.1,0.1;0.1,0.1,0.1,0.1,0.1,0.1;0.1,0.1,0.1,0.1,0.1,0.1;0,0,0.0420221,0.0361439,0.0310879,0.026739,0.0229985,0.0197812,0.017014,0.0146339,0.0125868,0.010826,0.00931155,0.00800894,0.0787769,0.00592525,0.00509607,0.00438317,0.00377,0.00324261,0.002789,0.00239884,0.036588,0.0329263,0.0296345,0.0266747,0.0240131,0.0216193,0.019466,0.0175289,0.0157859,0.0142175,0.0831398,0.0115356,0.0103918,0.00936225,0.00843525,0.00760054,0.00684885,0.00617188,0.00556215,0.00501292,0.0898882,0.00407299,0.00367088,0.00330906,0.00298303,0.00268924,0.00242447,0.00218586,0.00197081,0.00177697,0.0868834;
1.2286,0.627659,0.324211,0.372167,0.605695,1.09253;10 ,0.0490374 ,35.5498,10 ,0.0548956 ,42.1237,1.02929 ,6.8254 ,2.3231,1.0001 ,10 ,19.9256,9.50117 ,0.049977 ,14.257,8.18931 ,0.31041 ,52.4053;2,2,2,2,2,2;0.1,0.1,0.1,0.1,0.1,0.1;0,0,0,0,0,0;0,0,0,0,0,0;0.1,0.1,0.1,0.1,0.1,0.1;0.1,0.1,0.1,0.1,0.1,0.1;0.1,0.1,0.1,0.1,0.1,0.1;0,0,0.0394164,0.0347429,0.0303665,0.02645,0.0229951,0.0199676,0.0173244,0.015022,0.0130196,0.01128,0.00976992,0.00845997,0.0311935,0.00633976,0.00548681,0.00474801,0.00410822,0.0372235,0.0335421,0.0302288,0.0272468,0.0245625,0.0221459,0.0199698,0.01801,0.0162446,0.0146542,0.0132211,0.0119296,0.0107655,0.009716,0.00876978,0.00791652,0.0657577,0.00645291,0.00582669,0.00526174,0.00475197,0.00429193,0.00387673,0.088872,0.00316417,0.0028582,0.00258242,0.0023334,0.00210852,0.00190543,0.00172199,0.00155629,0.00140661,0.0865525;
1.20777,0.627659,0.338216,0.353831,0.707811,1.09253;9.97937 ,0.050083 ,32.9902,10 ,0.0548956 ,42.1237,1.00001 ,6.63581 ,2.78191,1.00001 ,9.72638 ,22.0365,9.9921 ,0.0540421 ,14.3394,8.18931 ,0.31041 ,52.4053;2,2,2,2,2,2;0.1,0.1,0.1,0.1,0.1,0.1;0,0,0,0,0,0;0,0,0,0,0,0;0.1,0.1,0.1,0.1,0.1,0.1;0.1,0.1,0.1,0.1,0.1,0.1;0.1,0.1,0.1,0.1,0.1,0.1;0,0,0.0438374,0.0377053,0.0324308,0.0278941,0.023992,0.0206358,0.017749,0.0152661,0.0131305,0.0112937,0.00971379,0.00835491,0.0911943,0.00618125,0.00531621,0.00457252,0.00393286,0.00338269,0.00290948,0.00250247,0.0349762,0.0314682,0.0283156,0.0254819,0.0229344,0.020644,0.0185842,0.0167317,0.0150653,0.0135662,0.0825512,0.0110036,0.00991113,0.00892789,0.00804279,0.00724597,0.00652853,0.00588252,0.00530077,0.00477684,0.089675,0.0038804,0.00349695,0.00315199,0.00284119,0.00256115,0.00230882,0.00208143,0.00187651,0.00169183,0.0868065;
1.21327,0.627659,0.323084,0.35742,0.555917,1.09253;9.97937 ,0.050083 ,32.9902,10 ,0.0548956 ,42.1237,1.00001 ,6.63581 ,2.78191,1.00001 ,9.72638 ,22.0365,10 ,0.050783 ,13.9203,8.18931 ,0.31041 ,52.4053;2,2,2,2,2,2;0.1,0.1,0.1,0.1,0.1,0.1;0,0,0,0,0,0;0,0,0,0,0,0;0.1,0.1,0.1,0.1,0.1,0.1;0.1,0.1,0.1,0.1,0.1,0.1;0.1,0.1,0.1,0.1,0.1,0.1;0,0,0.0418761,0.0360183,0.0309798,0.0266461,0.0229186,0.0197125,0.0169549,0.0145831,0.012543,0.0107884,0.00927918,0.04566,0.00686467,0.00590432,0.00507835,0.00436794,0.0037569,0.00323134,0.0027793,0.0023905,0.0352129,0.0316858,0.0285154,0.0256652,0.0231024,0.0207978,0.0187249,0.0168603,0.0151828,0.0136734,0.082969,0.0110927,0.00999232,0.00900181,0.00811006,0.00730716,0.00658417,0.00593309,0.00534671,0.00481855,0.0897129,0.00391478,0.00352814,0.00318027,0.00286684,0.0025844,0.00232989,0.00210053,0.00189381,0.0017075,0.0868207;
1.20777,0.627659,0.324211,0.372167,0.605695,1.09253;9.97937 ,0.050083 ,32.9902,10 ,0.0548956 ,42.1237,1.00001 ,6.63581 ,2.78191,1.00001 ,9.72638 ,22.0365,9.9921 ,0.0540421 ,14.3394,8.18931 ,0.31041 ,52.4053;2,2,2,2,2,2;0.1,0.1,0.1,0.1,0.1,0.1;0,0,0,0,0,0;0,0,0,0,0,0;0.1,0.1,0.1,0.1,0.1,0.1;0.1,0.1,0.1,0.1,0.1,0.1;0.1,0.1,0.1,0.1,0.1,0.1;0,0,0.0420221,0.0361439,0.0310879,0.026739,0.0229985,0.0197812,0.017014,0.0146339,0.0125868,0.010826,0.00931155,0.00800894,0.0787769,0.00592525,0.00509607,0.00438317,0.00377,0.00324261,0.002789,0.00239884,0.036588,0.0329263,0.0296345,0.0266747,0.0240131,0.0216193,0.019466,0.0175289,0.0157859,0.0142175,0.0831398,0.0115356,0.0103918,0.00936225,0.00843525,0.00760054,0.00684885,0.00617188,0.00556215,0.00501292,0.0898882,0.00407299,0.00367088,0.00330906,0.00298303,0.00268924,0.00242447,0.00218586,0.00197081,0.00177697,0.0868834;
1.18754,0.718033,0.328788,0.372167,0.606177,1.09253;9.04149 ,0.0472084 ,32.9219,9.45851 ,0.050303 ,43.2534,1.01825 ,6.75036 ,2.87468,1.00001 ,9.72638 ,22.0365,10 ,0.0503502 ,13.8684,8.18931 ,0.31041 ,52.4053;2,2,2,2,2,2;0.1,0.1,0.1,0.1,0.1,0.1;0,0,0,0,0,0;0,0,0,0,0,0;0.1,0.1,0.1,0.1,0.1,0.1;0.1,0.1,0.1,0.1,0.1,0.1;0.1,0.1,0.1,0.1,0.1,0.1;0,0,0.0409801,0.0357874,0.0310891,0.0269496,0.0233337,0.020188,0.0174573,0.0150904,0.0130406,0.0112667,0.00973229,0.0461932,0.00725887,0.00626783,0.00541162,0.004672,0.00403317,0.00348148,0.00300508,0.00259373,0.0367634,0.0330837,0.0297754,0.0268007,0.0241256,0.0217196,0.0195553,0.0176082,0.0158564,0.01428,0.0294511,0.0115845,0.0104352,0.00940052,0.00846904,0.00763035,0.00687514,0.00619505,0.00558255,0.00503088,0.00453397,0.0333622,0.00368311,0.00331978,0.00299244,0.0026975,0.00243172,0.00219222,0.00197638,0.00178185,0.0868876;
1.20777,0.627659,0.324211,0.372167,0.605695,1.09253;9.97937 ,0.050083 ,32.9902,10 ,0.0548956 ,42.1237,1.00001 ,6.63581 ,2.78191,1.00001 ,9.72638 ,22.0365,9.9921 ,0.0540421 ,14.3394,8.18931 ,0.31041 ,52.4053;2,2,2,2,2,2;0.1,0.1,0.1,0.1,0.1,0.1;0,0,0,0,0,0;0,0,0,0,0,0;0.1,0.1,0.1,0.1,0.1,0.1;0.1,0.1,0.1,0.1,0.1,0.1;0.1,0.1,0.1,0.1,0.1,0.1;0,0,0.0420221,0.0361439,0.0310879,0.026739,0.0229985,0.0197812,0.017014,0.0146339,0.0125868,0.010826,0.00931155,0.00800894,0.0787769,0.00592525,0.00509607,0.00438317,0.00377,0.00324261,0.002789,0.00239884,0.036588,0.0329263,0.0296345,0.0266747,0.0240131,0.0216193,0.019466,0.0175289,0.0157859,0.0142175,0.0831398,0.0115356,0.0103918,0.00936225,0.00843525,0.00760054,0.00684885,0.00617188,0.00556215,0.00501292,0.0898882,0.00407299,0.00367088,0.00330906,0.00298303,0.00268924,0.00242447,0.00218586,0.00197081,0.00177697,0.0868834;
1.20777,0.627659,0.318134,0.372167,0.605695,1.09253;9.31024 ,0.0523225 ,30.0388,10 ,0.0548956 ,42.1237,1.00001 ,6.63581 ,2.78191,1.00001 ,9.72638 ,22.0365,9.9921 ,0.0540421 ,14.3394,8.18931 ,0.31041 ,52.4053;2,2,2,2,2,2;0.1,0.1,0.1,0.1,0.1,0.1;0,0,0,0,0,0;0,0,0,0,0,0;0.1,0.1,0.1,0.1,0.1,0.1;0.1,0.1,0.1,0.1,0.1,0.1;0.1,0.1,0.1,0.1,0.1,0.1;0,0,0.0412346,0.0354665,0.0305052,0.0262379,0.0225675,0.0194105,0.0166952,0.0143597,0.0123509,0.0106231,0.00913704,0.00785884,0.0786478,0.00581421,0.00500056,0.00430103,0.00369935,0.00318184,0.00273673,0.00235388,0.0365494,0.0328931,0.0296059,0.0266501,0.0239919,0.0216011,0.0194504,0.0175154,0.0810268,0.0142077,0.0127974,0.0115281,0.0103855,0.0093568,0.00843056,0.0075965,0.00684538,0.0061689,0.00555958,0.00501072,0.0898863,0.00407136,0.00366948,0.00330785,0.00298199,0.00268834,0.00242371,0.0021852,0.00197024,0.00177648,0.0868829;
1.20777,0.627659,0.324211,0.372167,0.605695,1.09253;9.97937 ,0.050083 ,32.9902,10 ,0.0548956 ,42.1237,1.00001 ,6.63581 ,2.78191,1.00001 ,9.72638 ,22.0365,9.9921 ,0.0540421 ,14.3394,8.18931 ,0.31041 ,52.4053;2,2,2,2,2,2;0.1,0.1,0.1,0.1,0.1,0.1;0,0,0,0,0,0;0,0,0,0,0,0;0.1,0.1,0.1,0.1,0.1,0.1;0.1,0.1,0.1,0.1,0.1,0.1;0.1,0.1,0.1,0.1,0.1,0.1;0,0,0.0420221,0.0361439,0.0310879,0.026739,0.0229985,0.0197812,0.017014,0.0146339,0.0125868,0.010826,0.00931155,0.00800894,0.0787769,0.00592525,0.00509607,0.00438317,0.00377,0.00324261,0.002789,0.00239884,0.036588,0.0329263,0.0296345,0.0266747,0.0240131,0.0216193,0.019466,0.0175289,0.0157859,0.0142175,0.0831398,0.0115356,0.0103918,0.00936225,0.00843525,0.00760054,0.00684885,0.00617188,0.00556215,0.00501292,0.0898882,0.00407299,0.00367088,0.00330906,0.00298303,0.00268924,0.00242447,0.00218586,0.00197081,0.00177697,0.0868834;
1.20777,0.627659,0.324211,0.372167,0.605695,1.09253;9.97937 ,0.050083 ,32.9902,10 ,0.0548956 ,42.1237,1.00001 ,6.63581 ,2.78191,1.00001 ,9.72638 ,22.0365,9.9921 ,0.0540421 ,14.3394,8.18931 ,0.31041 ,52.4053;2,2,2,2,2,2;0.1,0.1,0.1,0.1,0.1,0.1;0,0,0,0,0,0;0,0,0,0,0,0;0.1,0.1,0.1,0.1,0.1,0.1;0.1,0.1,0.1,0.1,0.1,0.1;0.1,0.1,0.1,0.1,0.1,0.1;0,0,0.0420221,0.0361439,0.0310879,0.026739,0.0229985,0.0197812,0.017014,0.0146339,0.0125868,0.010826,0.00931155,0.00800894,0.0787769,0.00592525,0.00509607,0.00438317,0.00377,0.00324261,0.002789,0.00239884,0.036588,0.0329263,0.0296345,0.0266747,0.0240131,0.0216193,0.019466,0.0175289,0.0157859,0.0142175,0.0831398,0.0115356,0.0103918,0.00936225,0.00843525,0.00760054,0.00684885,0.00617188,0.00556215,0.00501292,0.0898882,0.00407299,0.00367088,0.00330906,0.00298303,0.00268924,0.00242447,0.00218586,0.00197081,0.00177697,0.0868834;
1.31599,0.66087,0.324211,0.431453,0.617568,1.13676;9.05361 ,0.0539061 ,36.2037,10 ,0.0509249 ,43.8973,1.00001 ,6.63581 ,2.78191,1.05553 ,10 ,21.3487,9.79598 ,0.0546009 ,14.67,8.27361 ,0.282923 ,47.612;2,2,2,2,2,2;0.1,0.1,0.1,0.1,0.1,0.1;0,0,0,0,0,0;0,0,0,0,0,0;0.1,0.1,0.1,0.1,0.1,0.1;0.1,0.1,0.1,0.1,0.1,0.1;0.1,0.1,0.1,0.1,0.1,0.1;0,0,0.0420221,0.0361439,0.0310879,0.026739,0.0229985,0.0197812,0.017014,0.0146339,0.0125868,0.010826,0.00931155,0.00800894,0.0770127,0.00592526,0.00509607,0.00438317,0.00377,0.00324261,0.002789,0.0377841,0.0353375,0.032568,0.0298381,0.0272497,0.0248366,0.022607,0.0205579,0.0186813,0.0169668,0.0154031,0.0139787,0.0126825,0.0115038,0.0104328,0.0871882,0.00857674,0.00777482,0.00704732,0.00638733,0.00578872,0.00524585,0.05077,0.00430741,0.00390278,0.00353607,0.132993,0.588754,0.328902,0.0795275,0.0135649,0.00320817;
1.25493,0.627659,0.339467,0.347714,0.605695,1.09253;9.97937 ,0.050083 ,32.9902,10 ,0.0548956 ,42.1237,1.00001 ,6.63581 ,2.78191,1.00001 ,9.72638 ,22.0365,9.9921 ,0.0540421 ,14.3394,8.18931 ,0.31041 ,52.4053;2,2,2,2,2,2;0.1,0.1,0.1,0.1,0.1,0.1;0,0,0,0,0,0;0,0,0,0,0,0;0.1,0.1,0.1,0.1,0.1,0.1;0.1,0.1,0.1,0.1,0.1,0.1;0.1,0.1,0.1,0.1,0.1,0.1;0,0,0.0439996,0.0378448,0.0325508,0.0279973,0.0240808,0.0207121,0.0178147,0.0153226,0.0131791,0.0113355,0.00974973,0.00838583,0.079101,0.00620406,0.00533588,0.00458943,0.00394741,0.0033952,0.00292024,0.00251172,0.0344167,0.0309631,0.0278595,0.0250701,0.0225627,0.0203084,0.0182813,0.0164582,0.0148184,0.0133433,0.0850962,0.010822,0.00974721,0.00877992,0.00790924,0.00712542,0.00641973,0.00578432,0.00521214,0.00469684,0.0896028,0.00381524,0.00343814,0.00309891,0.00279329,0.00251792,0.0022698,0.00204622,0.00184474,0.00166316,0.0867806;
1.20777,0.627783,0.365841,0.372167,0.531217,1.00917;9.97937 ,0.050083 ,32.9902,9.566 ,0.0516064 ,39.9255,1.0001 ,6.64479 ,3.16432,1.00001 ,9.72638 ,22.0365,10 ,0.0487659 ,16.5964,7.87603 ,0.300875 ,52.8706;2,2,2,2,2,2;0.1,0.1,0.1,0.1,0.1,0.1;0,0,0,0,0,0;0,0,0,0,0,0;0.1,0.1,0.1,0.1,0.1,0.1;0.1,0.1,0.1,0.1,0.1,0.1;0.1,0.1,0.1,0.1,0.1,0.1;0,0,0,0.0473582,0.0407443,0.0350531,0.0301564,0.0259436,0.0223193,0.0192012,0.0165187,0.0142109,0.0122255,0.0105175,0.00904812,0.00778401,0.0306104,0.00576094,0.00495606,0.00426364,0.00366796,0.0031555,0.0372394,0.033487,0.0301172,0.0270902,0.0243708,0.0219272,0.0197311,0.0177571,0.0159824,0.0143866,0.0832854,0.0116609,0.0104997,0.00945512,0.0085152,0.00766936,0.0069081,0.0422692,0.0056061,0.00505072,0.0045507,0.00410046,0.00369499,0.00332981,0.0030009,0.00270462,0.00243771,0.00219726,0.00198062,0.00178542,0.120301;
1.20777,0.627659,0.313555,0.372167,0.605695,1.14368;9.97937 ,0.050083 ,32.9902,10 ,0.0548956 ,42.1237,1.0001 ,6.14262 ,2.60057,1.00001 ,9.72638 ,22.0365,10 ,0.050783 ,13.9203,8.31455 ,0.305445 ,8;2,2,2,2,2,2;0.1,0.1,0.1,0.1,0.1,0.1;0,0,0,0,0,0;0,0,0,0,0,0;0.1,0.1,0.1,0.1,0.1,0.1;0.1,0.1,0.1,0.1,0.1,0.1;0.1,0.1,0.1,0.1,0.1,0.1;0,0,0.0433715,0.0368581,0.031322,0.026617,0.0226187,0.0192209,0.103111,0.536837,0.396078,0.129333,0.0316212,0.0516094,0.00653836,0.00526533,0.00444466,0.00377425,0.00320702,0.00272521,0.00231579,0.00196789,0.036197,0.0325727,0.0293156,0.026388,0.0237559,0.021389,0.0192603,0.0173455,0.0156226,0.0140724,0.083011,0.0114214,0.0102907,0.00927282,0.00835624,0.00753081,0.00678738,0.00611773,0.00551448,0.004971,0.0898514,0.00404064,0.00364249,0.00328416,0.0029612,0.00267011,0.00240773,0.00217121,0.00195799,0.00176577,0.00159246;
1.21327,0.627659,0.323084,0.35742,0.555917,1.09253;9.97937 ,0.050083 ,32.9902,10 ,0.0548956 ,42.1237,1.00001 ,6.63581 ,2.78191,1.00001 ,9.72638 ,22.0365,9.9921 ,0.0540421 ,14.3394,8.18931 ,0.31041 ,52.4053;2,2,2,2,2,2;0.1,0.1,0.1,0.1,0.1,0.1;0,0,0,0,0,0;0,0,0,0,0,0;0.1,0.1,0.1,0.1,0.1,0.1;0.1,0.1,0.1,0.1,0.1,0.1;0.1,0.1,0.1,0.1,0.1,0.1;0,0,0.0418761,0.0360183,0.0309798,0.0266461,0.0229186,0.0197125,0.0169549,0.0145831,0.012543,0.0107884,0.00927918,0.0079811,0.072845,0.00590463,0.00507835,0.00436794,0.0037569,0.00323134,0.0027793,0.0023905,0.0352129,0.0316858,0.0285154,0.0256652,0.0231024,0.0207978,0.0187249,0.0168603,0.0151828,0.0136734,0.082969,0.0110927,0.00999232,0.00900181,0.00811006,0.00730716,0.00658417,0.00593309,0.00534671,0.00481855,0.0897129,0.00391478,0.00352814,0.00318027,0.00286684,0.0025844,0.00232989,0.00210053,0.00189381,0.0017075,0.0868207;
