Iteration ;Fitness EW;tb ;Safety margin ;First-order momentum;zj-min ;zcr ;Kernel ;
9999 ;1 ;56 ;0.011655657 ;28.981931 ;16.859538 ;16.663029 ;0.0128762765548548;0;0.0357078540338884;0.0694646130612849;0;0;0.00916251182070806;0.0186182466346694;0;0;0.017104970775789;0.0203095416823611;0.0157593583083646;0;0.079453676251292;0;0;0;0.0259234402844602;0;0;0;0.0687155447041081;0;0.073389110309664;0.0204561721515996;0;0;0;0;0.0339397581864717;0;0.0786607553191961;0;0;0.0230626273235612;0;0.0286290363268489;0;0.0696005887685786;0.0198939357875971;0;0.0882155490713183;0;0.0278175548029297;0.0363311037997903;0;0;0.0247328495288434;0;0;0;0.0709710979773552;0;0;0.0312038265344654;
9999 ;1 ;56 ;0.014248207 ;29.124985 ;16.884154 ;16.643585 ;0.0234127765136286;0;0.0354040201705178;0.065624432744124;0;0;0.00865598488563977;0.0173155279802031;0;0;0.00624878817347989;0.0192466754511384;0.0157473051444961;0;0.0793929080295739;0;0;0;0.0259036133684353;0;0;0;0.0686629892824704;0;0.0733329804244604;0.0204405267433131;0;0;0;0;0.0356290054017808;0;0.0794079438284987;0;0;0.0232816962869924;0;0.0289009799013674;0;0.07026171590825;0.0200829057531788;0;0.0890534973511236;0;0.0280817902176712;0.0366762083335483;0;0;0.0286699245483702;0;0;0;0.0698533963354379;0;0;0.0307124072222997;
9999 ;1 ;54 ;0.0111628 ;28.634589 ;17.282443 ;17.089522 ;0.0139258876462646;0;0.0356750352383552;0.0661267827599211;0;0;0.00872224578820628;0.0180035244949259;0;0;0.0168538735832641;0.0200114020968129;0.0155280144096177;0;0.0794249160976551;0;0;0;0.0262962232722797;0;0;0;0.0697036846185392;0;0.074444456803588;0.0207503349976704;0;0;0;0;0.0361690188812095;0;0.08382741941527;0;0;0.0245774468554898;0;0.0303392597748339;0;0.073758345164799;0.0210823472684526;0;0.0934853143116226;0;0.0294793024756923;0.0385014285323524;0;0;0.0262103250092194;0;0.00447900245546395;0;0.0700443344532444;0.00258007359524999;
9999 ;1 ;54 ;0.010860083 ;28.311935 ;17.145666 ;16.959463 ;0.0236854624324518;0;0.0358163667268783;0.0663887529745617;0;0;0.00875680014736178;0.0177938395130487;0;0;0.0166575784535042;0.0197783315951347;0.0153471614093628;0;0.0784998632227456;0;0;0;0.025989954180256;0;0;0;0.0688918538100699;0;0.0735774107660126;0.0205086582293711;0;0;0;0;0.0357477624727346;0;0.0828510910898992;0;0;0.024291196154971;0;0.029985901901055;0;0.0728992901906726;0.0208368035913709;0;0.0923965015937161;0;0.0291359604258003;0.0380530068165751;0;0;0.0259050563643992;0;0.00442683602833094;0;0.069228536135278;0.00255002377443772;
9999 ;1 ;56 ;0.021804167 ;28.404605 ;17.696237 ;17.310385 ;0.0132379556736809;0;0.0367108446987074;0.071415790479273;0;0;0.00941987575564917;0.0191412107856976;0;0;0.0175854288283462;0.0208800122767247;0.0162020197254251;0;0.0816854344378795;0;0;0;0.0294357676159823;0;0;0;0.0747710702032922;0;0.0791008831963519;0.0220482477193223;0;0;0;0;0.0390000198657565;0;0.0903887117653911;0;0;0.0087653801945482;0;0;0;0.0708710641382943;0.0202570757533938;0;0.0898258182415075;0;0.0283253309417257;0.03699428457669;0;0;0.0251843180681939;0;0;0;0.0696907804828149;0;0;0.0290626745753519;
9999 ;1 ;56 ;0.013518357 ;29.29367 ;17.207267 ;16.974653 ;0.0138411483406513;0;0.0354579519334617;0.0657243999606445;0;0;0.0086691707476591;0.0176157763565653;0;0;0.006357141121508;0.0195804096035812;0.0160203607976139;0;0.0807695678552403;0;0;0;0.0263527777176066;0;0;0;0.0698535941009779;0;0.0746045621129549;0.0207949620786771;0;0;0;0;0.0362468064319032;0;0.0807848643724186;0;0;0.0236853970298816;0;0.0294021180878889;0;0.0714800423806503;0.0204311400000305;0;0.0905976701894924;0;0.0285687237912727;0.0373121676884035;0;0;0.029167056273485;0;0;0;0.0723994721625348;0.0045501232901129;0;0.0197325955747844;
9999 ;1 ;56 ;0.021767492 ;28.919667 ;17.666156 ;17.281608 ;0.0140677659010439;0;0.0360384958569799;0.0668004886500203;0;0;0.00881110884969442;0.0179041949302339;0;0;0.0167608869057459;0.0199009946118944;0.0154423428005794;0;0.0789867106593862;0;0;0;0.0261511409906733;0;0;0;0.0741699511231648;0;0.0792144884840723;0.0220799135797359;0;0;0;0;0.0401923846532114;0;0.0931522056677902;0;0;0.00898637101758233;0;0;0;0.072022616805348;0.0205862240439431;0;0.0912853583489404;0;0.0287855767527308;0.0375953883923023;0;0;0.0255431207262623;0;0;0;0.0732961772802144;0;0;0.0322260929684501;
9999 ;1 ;56 ;0.014099912 ;29.26918 ;17.10017 ;16.859059 ;0.0128630973575693;0;0.0346999132695213;0.064319309321796;0;0;0.00848383667581655;0.017239177065138;0;0;0.0161383350808465;0.0191618093538218;0.0152653906747094;0;0.0780816105364869;0;0;0;0.0258514779115676;0;0;0;0.0685247932607331;0;0.0731853852459996;0.0203993866836149;0;0;0;0;0.0355572959283594;0;0.0824096547614117;0;0;0.0241617709862235;0;0.0298261349472653;0;0.0725108777438625;0.0207257836644902;0;0.0919042066596112;0;0.0289807220188207;0.0378502577713177;0;0;0.02576703243713;0;0;0;0.0713032847030899;0.00448123068716197;0;0.0203082252536349;
9999 ;1 ;53 ;0.028542319 ;28.314479 ;18.133545 ;17.615972 ;0.0133073455316166;0;0.0369032732247681;0.0717901331404722;0;0;0.00946925224976722;0.019241543943617;0;0;0.0176776069892508;0.0209894597715866;0.0162869464221698;0;0.082113607853079;0;0;0;0.0267912991588763;0;0;0;0.0710159876479234;0;0.0758460137904081;0.0211409991014004;0;0;0;0;0.0407170421431252;0;0.0943681823466382;0;0;0.0091512864867873;0;0;0;0.0739912470603836;0.021148917615594;0;0.093780506765627;0;0.0295723873383171;0.0386230019715051;0;0;0.0263321629358284;0;0;0.0140451492551874;0.0756966472560707;
9999 ;1 ;56 ;0.018393275 ;28.750194 ;17.693906 ;17.368457 ;0.0135164181177559;0;0.0375521150091591;0.0679783390926728;0;0;0.00905907757554142;0.0184080679931935;0;0;0.0172325841507785;0.0204610630846803;0.0158769326046181;0;0.0812096129450313;0;0;0;0.0268871056940406;0;0;0;0.0712699430711922;0;0.0751442365219862;0.0209453886551865;0;0;0;0;0.0365090085451036;0;0.0919352204176648;0;0;0.00891535175677737;0;0;0;0.0761119295154272;0.0217550722664806;0;0.0964683743611097;0;0.0325987208902595;0.0401789087122633;0;0;0.0253709383095415;0;0;0;0.0702072014650384;0.00441234463426142;0;0.0199960446102357;
9999 ;0.838095238095238 ;56 ;0.0066060422 ;27.275715 ;15.369179 ;15.26765 ;0.0125992126648826;0;0.0270546157716036;0.0652612918253013;0.0264756170593297;0;0.00694212081680338;0.0401408268560757;0;0;0.0129598494405262;0.0156616908886303;0.0144951757982356;0;0.0741420049740905;0;0;0;0.0255393717383769;0;0;0;0.0741026142279985;0;0.0701250011447255;0.0190671368340032;0;0;0.0342272196524255;0;0.033235108360279;0;0.0770276179450485;0;0.0251915449597297;0.0225838061061027;0;0.0278782399240336;0;0.0652738466613712;0.019372217373584;0;0.0756110290338213;0;0;0.0353783206976356;0;0;0.0240842306146184;0;0;0;0.0523997906253877;0.00418856900072793;0;0.0189819290046517;
9999 ;0.90952380952381 ;56 ;0.01946588 ;28.825306 ;16.246795 ;15.930537 ;0.0393027058135928;0;0.0292500155011956;0.0569017955237195;0;0;0.00886194820510447;0.0180075006259092;0;0;0.0168575958104847;0.0200158216734307;0.0127939453912781;0;0.0645030067344667;0;0.0132487534379448;0;0.0210454685313807;0;0;0;0.0735953538691657;0;0.0435089604904451;0.0429708158973218;0;0;0;0;0.0391702931252112;0;0.0907833469636083;0;0;0.00855845360698546;0;0.0296019879186903;0;0.0719659496861579;0.0205700268816722;0;0.0912135353784442;0;0.0287629283711369;0.0375658084846355;0;0;0.0255733900571774;0;0;0;0.0707674318538324;0.00444755369399266;0;0.0201556064730158;
9999 ;0.57797619047619 ;56 ;0.0010442552 ;29.122157 ;13.415638 ;13.401628 ;0;0;0.0534301224183418;0.0647184023933939;0;0;0.00853647779515672;0.0173461439495665;0;0.0164262289151877;0;0;0.0169361854566072;0;0.0765040404733833;0;0;0;0.0177888778808954;0;0.00529711413151932;0;0.107620443860889;0.0203840010448181;0.039462919289419;0.0469434770619914;0;0;0.0385646878742297;0;0.0319829858847118;0;0.0345297418955272;0;0;0.00722751944285644;0;0.00436351090274633;0;0.0627416913147864;0.0179334571776654;0;0.119259058145321;0;0;0.0335163050922581;0.025053913617448;0;0.0228519294242551;0;0;0;0.0592202400535137;0.0253231916930646;0;0.026037332810447;
9999 ;0.857575757575758 ;56 ;0.0053613525 ;28.924381 ;16.697792 ;16.608269 ;0.011918872706666;0;0.0329932631836474;0.0596978768133372;0.00653912597385603;0;0.00873743120835945;0.0177544817811894;0;0;0.0152880554901106;0.0181522321369958;0.0140853759684779;0;0.0727976254972103;0;0.01578769460124;0;0.0181825674154752;0;0;0;0.0594364959186928;0.0353894653509134;0.0753110094210203;0.0209918742321129;0;0;0;0;0.0371314547302732;0;0.0912226067679488;0;0;0.00859986411654035;0;0;0;0.0763411213365832;0.020490697720796;0;0.0908617666003215;0;0.0286520029462384;0.0374209343878799;0;0;0.0292520795953891;0;0;0;0.0726105199820213;0.00456338711055371;0;0.0197901170061495;
9999 ;0.966666666666667 ;56 ;0.0048309368 ;28.872567 ;16.592343 ;16.512186 ;0.021027316034706;0;0.0388015814355592;0.0605137494092462;0;0.00115906305819698;0.00798187623658704;0.0162191922136806;0;0;0.0149009095359874;0.0327279460093698;0.013728685981185;0;0.0692156717273036;0;0;0;0.0259144958477104;0;0;0;0.0686918355884744;0;0.0733637886606823;0.0204491141015899;0;0;0;0;0.0356439736576517;0;0.0794413042439243;0;0;0.0232914772613194;0;0.0289131216172869;0;0.0702912338622255;0.0200913428697515;0;0.0890909100018422;0;0.0280935877802624;0.0366916165343813;0;0;0.028681969194624;0;0;0;0.0711953722995557;0.00447444866616173;0;0.0194044161707346;
9999 ;0.707575757575758 ;53 ;0.0023992598 ;25.501401 ;15.150763 ;15.114412 ;0.0388404560364388;0;0.0289059981398642;0.0562325580817671;0.0181036356496102;0;0.00875772042998924;0.0572754008798785;0.0253329596889038;0;0.00571070380462873;0.0220614935520556;0.0143913016259668;0;0.0725563692283937;0;0;0.00912924002033708;0.0236730481670937;0;0;0;0.0627504058781722;0;0.0883887411949679;0;0;0;0;0.0381125023582824;0.0524267860668758;0;0.0725701102917393;0;0;0;0;0.00410068517023318;0;0.0642114658422703;0;0;0.081385083318538;0;0.0470261498948433;0.00892119091695181;0.0332566816412873;0;0;0.00855721974192524;0;0;0.0573220923789857;
9999 ;0.632323232323232 ;56 ;2.6085723e-005 ;29.180912 ;14.424845 ;14.424468 ;0.0133228499252233;0;0.0369462692431773;0.0718737758533369;0;0;0.00948028487935465;0.0192639622741695;0;0;0.0176982031762316;0.0210139145995701;0.0163059223499671;0;0.0822092784504647;0;0;0;0.0268225137122528;0;0;0;0.055846313374269;0;0.0720801655506249;0.0200913223909899;0;0;0;0;0.0320625538994186;0;0.0442441692154765;0;0;0.0304142959476751;0;0.0281196207689591;0;0.068362139022935;0.0195399497056989;0.0362033547471148;0.0866458709085022;0;0.0273225784775905;0.0356846402129749;0;0;0.0271596892637351;0;0;0;0.0751570853471264;0.00472343228811448;0;0.0214058444150465;
9999 ;0.942857142857143 ;56 ;0.0092672658 ;28.259473 ;16.186787 ;16.036779 ;0.0116200729689062;0;0.0322242123077414;0.062687677535524;0;0.0304983938670889;0;0.0168018591031567;0;0;0.0484800133775068;0.0183281521881493;0.0142218825998492;0;0.0717022123402407;0;0;0;0.0233943614388225;0;0;0;0.0653275303310508;0;0.0697706661624817;0.0194475822384178;0;0;0;0;0.0316448177346989;0;0.076254473720088;0;0;0.0223571271598445;0;0.0277532562376043;0;0.0674714633189015;0.0192853678756151;0;0.0855169803679775;0;0.0269665984399651;0.0352197126595201;0;0;0.023976256225445;0;0;0;0.068800047795617;0;0;0.030249282005787;
9999 ;0.713034188034188 ;56 ;0.0021848351 ;28.821676 ;16.017044 ;15.982049 ;0.0146072900820465;0;0.0326545535745983;0.0590850170181736;0.00647199515415508;0;0.00864773253586974;0.0175722138572953;0.000783502354957143;0.0173713879714541;0;0;0.0179106872211673;0;0.0809060542933376;0;0;0;0.0188124432480138;0;0.00560190809362301;0;0.0752504746766639;0;0.0417336008771216;0.0496445871406871;0.021087049791668;0;0.0407836855629027;0;0.0338232749073143;0;0.0762642477213587;0;0;0.00764338820318044;0;0.0258482195415595;0;0.0663518247214146;0.0189653415833407;0;0.0840978898777066;0;0.0284184703820233;0.035333077071103;0;0;0.0241668208798663;0;0;0;0.0626277504741859;0;0;0.0275355111832117;
9999 ;0.424542124542125 ;57 ;0.0068953799 ;28.624411 ;14.87834 ;14.775748 ;0.0108593480210236;0;0.0344477823347711;0.06385196269024;0;0;0.00842219278481521;0.0171139165264733;0;0.0158428501527847;0.0104217059992183;0;0.0163572131935652;0;0.0811171056280485;0.0285692581012939;0;0;0;0.00734098691204303;0.0106287962223981;0;0.0583566591392429;0;0.105545307373105;0.0191599779833225;0;0.0229556926383441;0;0;0.0161109107816659;0;0.0749689001005504;0;0.0312620425324475;0;0;0.0295287045772087;0;0.069952898750349;0.0529639123250276;0;0.0350237283046956;0;0;0.0289225972899915;0;0.0189664748005256;0.0196894168340909;0;0;0;0.0544851293056144;0.0307416646962583;0;0.0155181669893518;0.0108746970115339;
9999 ;0.777304964539007 ;52 ;0.0036981674 ;26.403786 ;12.34311 ;12.297463 ;0.036127939212701;0;0.0268872781179428;0.052305421909743;0.0168393246378055;0;0.00814610392420846;0.0165529032802755;0;0;0.0377274979587621;0.0183989975687596;0.0142768556639878;0;0.0730253098263631;0;0;0;0.0251547086515583;0;0;0.027202798569876;0.0738457547727886;0;0.0210353118597863;0.0219834024281068;0.0557309884575357;0.0141444827891561;0;0;0.0383183258287004;0;0.0854017514857564;0;0;0.00408801714568568;0;0.00439434015532978;0;0.0855536298622446;0.0244537934087666;0.00844597587262026;0.108435295834012;0;0.0015701345269933;0.0546287400183695;0;0;0.0295587550164793;0;0;0.0157661612156856;
9999 ;0.626923076923077 ;55 ;0.0018672164 ;28.731792 ;13.688179 ;13.66262 ;0.0131347069646568;0;0.0345807422636384;0.0640984154904471;0;0;0.00845470036811021;0.0183920099227892;0;0;0;0.0190960013479776;0.0152129642623501;0.00851887179345719;0.0778134524002886;0;0.0375663857781317;0;0.0257626953661372;0;0;0.0035115858522758;0.0524551100208931;0;0.0661123847945059;0.0184278882657489;0;0.0261933051653336;0;0;0.0321208616005245;0;0.0744451749219514;0.0296415735662521;0;0.0218266569942699;0;0.0269435885858679;0;0.0655030650597231;0.0187227406153383;0;0.0519825031031615;0;0.0261798805771213;0.000295713883346927;0;0;0.0232767779765042;0;0.0304913890244734;0;0.062204738819785;0.00229130314937149;0.044742812065568;
9999 ;0.384273044029142 ;57 ;0.002594815 ;28.760914 ;12.549781 ;12.517217 ;0.0103545794914802;0;0.0358269154283154;0.0557599565196959;0.0122727494636302;0;0.00759068648729663;0.0438521781204916;0;0.000649882364402316;0;0.0292493224101894;0.0122694764412335;0;0.0618588009650874;0.01036072072084;0;0;0.0464818448161134;0;0;0;0.0613906428927679;0;0.0655660183243688;0.0182755963722537;0;0.0257070139916876;0;0.00413422274045318;0.0629595669946839;0;0.00485433048275876;0;0;0.0175876259643248;0;0.055849885474399;0;0.062820042579441;0.0179558523190786;0;0.0993593677421828;0.00586971329373889;0.0251075459000268;0.00193164942837739;0;0;0.025633388789278;0;0;0;0.0636280809650257;0.00399886358914604;0;0.0173419384338027;0.0335015404934284;
9999 ;0.676567656765677 ;52 ;0.0044603013 ;26.659918 ;11.772445 ;11.719937 ;0.0230508944680298;0;0.0425356787041911;0.0263733757526726;0;0.00127060630049944;0.00875001766667532;0.0177800574955533;0;0;0.0335352070833834;0.0100752803527558;0;0;0.0956315220321556;0.0510566093547323;0.0333660608036238;0;0.02325791556512;0.0118678151132684;0;0;0.0736824884671569;0;0.0786938719221627;0.0219347991074326;0;0;0;0;0.0444236593660683;0;0.0871378730944102;0;0;0.0082147824378941;0;0;0.00161292240033158;0.0762532385744598;0;0;0.0613749851710228;0;0.0234498180174458;0.0509222269341147;0;0;0.0267962022756073;0;0.0201054646645014;0.0468466268747309;
9999 ;0.700115207373272 ;55 ;0.0059556625 ;27.584076 ;14.177535 ;14.093098 ;0.0199903669280377;0;0.0368881054055937;0.0575295512221121;0;0.00110190457916019;0.00758825493849058;0.0166341341206849;0;0;0.0155719283585887;0.0158794172726583;0.0135087079069953;0;0.0681066121864867;0.00146947068062606;0.0345331186822097;0;0.026116188721133;0.0280147783934209;0;0.0176008654366732;0.0679747916452625;0;0.0719110484791687;0.0200441834092952;0;0;0;0;0.03545513281177;0;0.0821728755871896;0;0;0.0199103299182282;0;0.024715898605627;0;0.0600872860426269;0.0171747485377976;0;0.0761578748720108;0;0.0240153338071284;0.00834819986487347;0.0311206685036169;0;0.0245183018218343;0;0;0;0.0536404038773805;0.00822303548142853;0.0139964819018906;
9999 ;0.582575757575758 ;54 ;0.017087344 ;27.845281 ;17.315979 ;17.020095 ;0.0132450526005998;0;0.0249928652084451;0.0682086501321295;0;0;0;0.0166474848854849;0;0;0.0162999393222573;0.0472005509608014;0.0150176570045737;0;0.076814466815078;0;0;0;0.028323116259746;0;0;0;0.0750763918735316;0;0.080182579190539;0.022349755114349;0;0;0;0.0324438125515198;0.063088969062145;0;0.0773035113469033;0;0;0.00907102742881605;0;0;0;0.0707611261705941;0;0;0.134472089581784;0;0.0109942666604339;0.0369368975949601;0;0;0;0.00229552496770842;0;0;0.0474799374425251;0.0307943278250753;
9999 ;0.877777777777778 ;53 ;0.008292546 ;28.760595 ;18.117988 ;17.967743 ;0.0136445552618089;0;0.0211043001168291;0.0744010676223759;0;0;0.00988978513797458;0.0200960678104173;0.000896034875440782;0;0;0;0.0204831552729096;0;0.101578077524964;0;0;0;0.0314633652903813;0;0;0;0.0799214590103505;0;0.0845495186423239;0.0235669774627927;0;0;0;0;0.0416864233804518;0;0.0966148766189255;0;0;0.00936915804500385;0;0;0;0.0757528123129528;0.0216524257990779;0;0.0960132098034856;0;0.0302764393990722;0.0395425288199632;0;0;0.00601810143458171;0;0.01172604020902;0;0.0897536201488971;
9999 ;0.69563492063492 ;55 ;0.0014293141 ;27.965677 ;14.904119 ;14.882816 ;0.0129287812493269;0;0.035788844541001;0.0696221687136878;0.00709319843901793;0;0.00747769065457702;0.015194685866601;0.0243247332861244;0;0.00548342351740664;0.016889302352826;0.0138185422465715;0;0.0696686984609735;0;0;0.00876590541834637;0.0227308845790473;0;0;0;0.0602530026229492;0;0.0848709578930729;0.0179369282396468;0;0;0;0.0292450656351746;0.0568688109064882;0;0.0696818926437716;0;0;0.0204301053901974;0;0.0253611273846399;0;0.0616559138649897;0.017623109416992;0;0.0781460385799126;0;0.0246422737682121;0.00856613646073496;0.0319330990472542;0;0.0251583721749458;0;0;0;0.0550407305598861;0.00843770455853237;0.0143618715270923;
9999 ;0.54849214539617 ;58 ;0.0041828715 ;30.154843 ;14.282754 ;14.223011 ;0.0115881142849178;0;0.0123790444222734;0.0579440150710945;0;0;0.00801453384711355;0.0162855525588762;0;0;0.0670827542551237;0.0134524943593515;0.0135647779873125;0.0184603160796668;0.0672691317155858;0;0;0;0.0261548628825136;0;0;0;0.0664371017688049;0;0.0616225211283375;0.0434279720522673;0;0;0;0;0.0299394505097812;0;0.0558527344361118;0;0.0336474939421188;0;0;0.0193736184614597;0.00413147262784349;0.0569598263609129;0;0;0.0724943778808202;0;0.0228601006379688;0;0;0.0332652166411264;0.0203251304184922;0;0;0;0.061318183214865;0;0.0272842396434073;0.0189134082791596;0;0.0599515545326934;
9999 ;1 ;56 ;0.018529794 ;29.199951 ;17.182109 ;16.863728 ;0.0124680850604312;0;0.0345758775468459;0.0672625118486987;0;0;0.0084606796873036;0.0171921220073235;0;0;0.0160942848174614;0.0191095063904281;0.0152237231497431;0;0.0778684835012364;0;0;0;0.0257809152168911;0;0;0;0.0683377519596064;0;0.0729856226633124;0.0203437057009234;0;0;0;0;0.0354602407957787;0;0.082184714147679;0;0;0.0240958204175645;0;0.0297447232592812;0;0.0723129562577305;0.0206692117675313;0;0.0916533502677178;0;0.0289016179209307;0.0377469439030862;0;0;0.0256967002399226;0;0;0;0.0711086593928795;0.00446899897979751;0;0.0202527930998951;
9999 ;0.426381461675579 ;51 ;0.0045299934 ;27.649977 ;15.166441 ;15.097737 ;0.0261854519584925;0;0.0530049996270801;0.0641479490930236;0;0.00711183248785001;0.00993988183688349;0.0201978644262493;0;0;0.018556198525215;0.00180698334672246;0.0170964209897355;0;0.086194721370936;0;0;0.00535294590182031;0.0044413141853062;0;0;0;0.0606371813880047;0;0.091360398079172;0.025465413370737;0;0;0;0;0.044387669747375;0;0.0434699105916592;0;0;0.0113961559460397;0;0;0.0216506836141674;0.0921417760617073;0.026336883189619;0;0.116785468506834;0;0.0239010352400666;0.0480974728752038;0;0;0.0327916119385501;0;0.0475417757015493;
9999 ;1 ;56 ;0.0095681252 ;28.740728 ;17.023538 ;16.860654 ;0.0128216833779824;0;0.0355564589327734;0.0691700951631121;0;0;0.00912366436148393;0.0185393085016423;0;0;0.017032448669652;0.020223432751993;0.0156925413654496;0;0.0791168064596041;0;0;0;0.0258135293987657;0;0;0;0.0684242027257083;0;0.0730779532245723;0.0203694415335015;0;0;0;0;0.0392310413227616;0;0.0909241405154463;0;0;0.0224414362834866;0;0.0278579142598484;0;0.0677258994055507;0.0193580933404337;0;0.0858394664199554;0;0.0270682899616811;0.0353525268215554;0;0;0.0276351979286013;0;0;0;0.0685970405918803;0.00431115010519998;0;0.0186962365773587;
9999 ;0.90952380952381 ;56 ;0.00031763157 ;28.573066 ;15.988485 ;15.983407 ;0.00346749094233634;0.0450664828298769;0.0273042779455295;0.0506108555760961;0;0;0.0337290270799018;0.0135649699894832;0;0;0.00600633582062121;0.018499906378754;0.015136311288172;0;0.0763124711804331;0;0;0;0.0248985557741688;0;0;0;0.0659988722018982;0;0.0704876681571143;0.0196474363608259;0;0;0;0;0.0324903622483462;0;0.0782919811703011;0;0;0.0229545060535833;0;0.0284948188449257;0;0.0692742901234464;0.0198006698482037;0;0.0878019805275626;0;0.0276871416756318;0.036160777798879;0;0;0.0246168979911581;0;0;0;0.0706383741667773;0;0;0.0310575380259732;
9999 ;1 ;56 ;0.0059949517 ;28.794083 ;16.913322 ;16.811928 ;0.0129558931806562;0;0.0359286429273761;0.0698941268326753;0;0;0.0092191654870007;0.0187333670244091;0;0;0.0172107342744059;0.0204351196919227;0.0158568016125654;0;0.0799449544234948;0;0;0;0.0260837301660747;0;0;0;0.0691404268341355;0;0.0738428900423789;0.0205826568070499;0;0;0;0;0.0353021672150498;0;0.0786795050724833;0;0;0.0230681245829088;0;0.0286358604078764;0;0.0696171789203354;0.0198986777505546;0;0.08823657632658;0;0.027824185457409;0.0363397637628193;0;0;0.028406924612014;0;0;0;0.0705126471587183;0.00443154112179323;0;0.0192183383073126;
9999 ;0.570944741532977 ;56 ;0.00090101889 ;29.597001 ;15.674031 ;15.659908 ;0.0181901158696026;0;0;0.0664778645579257;0;0;0;0.0133069592586459;0;0;0;0.0147910434140671;0.0204197005269086;0;0.0634385909972826;0.0430003483848774;0.0321662217751009;0;0.023793773302783;0;0;0;0.0630704133064816;0;0.0801152654115873;0.0605380183286829;0;0;0;0;0.039500152417342;0;0.0690643654086704;0;0;0.008968412074921;0;0;0;0.079612727030326;0.0227557051950086;0;0.0889246549298281;0;0;0.0329165321836596;0;0.0215855641152293;0.0224083375499998;0;0;0;0.0620090061185385;0.0349867954529735;0;0.0179594323895578;
9999 ;0.792857142857143 ;54 ;0.00043815561 ;28.891825 ;16.155384 ;16.148306 ;0.0125372656953127;0.0202618675484007;0.0321176938112721;0.0595329408147089;0;0;0.00785250575649278;0.0159563110788157;0;0;0.0146931858732424;0.00832541320606983;0.0130284006121656;0;0.0656850554480829;0;0.00383680946774515;0;0.0260933258147322;0;0;0;0.0751368520864966;0;0.0798547685324688;0.0192535167163942;0;0;0;0;0.0532936274306182;0;0.0812280148885999;0.0127659104628547;0;0.00765764008778263;0.0382899935762661;0;0;0.0679769846559476;0.0194298610357504;0;0.0861577054409084;0;0.0271686422408313;0.0354835918664948;0;0;0.0234860290491409;0;0;0.013282866264475;0.055651693275901;0.0239615272620284;
9999 ;0.584427394146064 ;57 ;0.0008927234 ;29.398101 ;13.508528 ;13.496469 ;0;0;0.0485278698279693;0.0571318980061504;0;0;0.00753580373879013;0.0372771603759064;0;0;0.0209110245892787;0.0167037951096715;0.0129614491729987;0;0.0653475075690365;0.00397297095037494;0;0;0.0235483114012038;0;0;0;0.115118422724732;0;0.0759982019145883;0.00644324487063314;0;0;0;0;0.0658380703719993;0;0.0445838094175608;0;0;0.00701221402016688;0;0;0;0.0566961225348548;0.0162054522967389;0;0.0718597309033813;0.0305740628067462;0.0226599734805541;0.0295950472446199;0;0;0.0201471954811464;0;0;0;0.0701367829653707;0;0;0.0232498408052607;0.0499640374202671;
9999 ;0.942857142857143 ;54 ;0.0126778 ;28.658007 ;16.999165 ;16.783653 ;0.0220383327688032;0;0.0329880725056022;0.0611462634773015;0;0;0.00806530602003963;0.0163887217395784;0;0;0.0168897763692744;0.0200540311745557;0.0155610927981412;0;0.0795941101854386;0;0;0;0.0263522405238841;0;0;0;0.0698521701557437;0;0.0746030413206172;0.0207945381794128;0;0;0;0;0.0362460675512781;0;0.0840059918891997;0;0;0.0246298027018045;0;0.0304038896622022;0;0.0739154680997636;0.0211272577158245;0;0.0936844604140455;0;0.0295421004481162;0.0385834457934205;0;0;0.0262661592769571;0;0.00448854380308969;0;0.0701935456561578;0.002585569769748;
9999 ;0.61053391053391 ;55 ;0.0037683163 ;30.153086 ;15.64748 ;15.588515 ;0.0118342569225738;0;0.035619421030443;0.0692925790779392;0.00705961941192064;0;0;0.0191676815421809;0.0103222825417694;0;0;0.018380020160806;0;0;0.0788316651409628;0;0;0;0.0257204960201332;0;0;0;0.0681775981385761;0;0.0728145762648778;0.0202960289467357;0;0;0;0;0.0353771374905741;0;0.106200987519445;0;0;0.0230982195573741;0.00521862082186396;0.029372636060134;0;0.039610921211342;0;0;0.0875445602881071;0;0.0276059677590851;0.0360547606450067;0;0;0.0204893195574615;0.0191821708195135;0;0;0.0289833879586698;0.0291210086512133;0.0746240764612909;
9999 ;0.715476190476191 ;56 ;0.0020580541 ;28.507377 ;14.8835 ;14.852869 ;0.0129768639466002;0;0.0330969088401651;0.0643853860252922;0;0.0313243517622926;0;0.0172568872676178;0;0;0.0497929497237039;0.0188245154415806;0.014607039807445;0;0.0736440525776017;0;0;0;0.0240279278363795;0;0;0;0.0527028425036204;0;0.0680229254738911;0.0189604243446744;0;0;0;0;0.0302578205494127;0;0.0417537585021888;0;0;0.0287023395518774;0;0.0265368267859702;0;0.0645141787962025;0.018440087261742;0.0341655444747586;0.0817687580821371;0;0.0257846483195205;0.0336760272847177;0;0;0.0229253732601142;0.0265649174379862;0;0;0.0670201827667257;0;0;0.0182664613757818;
9999 ;0.925 ;56 ;0.016869451 ;27.695586 ;16.745305 ;16.462821 ;0.0126511451127599;0;0.0350835306405133;0.068250079617053;0;0;0.00900231259769357;0.0182927214180989;0;0;0.0391092737394821;0.0151104932303963;0.015236615639733;0.0331902212304605;0.0755599468953801;0;0;0;0.0293784087895517;0;0;0;0.0746253705601312;0;0.069217400392546;0.0192933672630947;0;0;0;0;0.0336294409174273;0;0.0846840324202988;0;0.0126669424232631;0.00794602131075588;0;0;0.00464067016175328;0.0642462703795885;0;0;0.0814291964707975;0;0.0261190309416761;0.0341127475442964;0;0;0.0232226759934933;0.0269094188110584;0;0;0.0678893194783525;0;0;0.0185033460203443;
9999 ;0.572835497835498 ;58 ;0.0030716862 ;29.468841 ;14.332672 ;14.288647 ;0.0118082067730398;0;0.0327459356792631;0.0637026170525666;0;0.0309921755217769;0;0.0170738881754399;0;0;0.0492649249151164;0.0186248925789475;0.0144521407817566;0;0.0728631009171425;0;0;0;0.0237731258600564;0;0;0;0.0521439600015914;0;0.0673015825447774;0.0187593602484341;0;0;0;0;0.0299369542421839;0;0.0413109845660541;0;0;0.0283979682014757;0;0.0262554194188242;0;0.0638300440522465;0.0182445410327931;0.0338032390644209;0.0809016487207851;0;0.0250800318196168;0;0;0;0.0222988921049185;0;0;0;0.0672727566035139;0.00422792221363935;0;0.0191602715109969;0;0.0657734153986228;
9999 ;0.725 ;56 ;0.0016282445 ;28.409816 ;14.686495 ;14.662582 ;0.0119724580618864;0;0.033201429239224;0.0645887157765214;0;0.0314232744067688;0;0.0173113847058057;0;0;0.0499501964019534;0.0188839634666378;0.0146531689984555;0;0.0738766212987744;0;0;0;0.0241038082945258;0;0;0;0.052869278655003;0;0.0682377426143686;0.0190203015715297;0;0;0;0;0.0303533750766875;0;0.0418856173268886;0;0;0.0287929818531985;0;0.0266206303743603;0;0.0647179152764068;0.0184983212584149;0.0342734396368057;0.09224662494198;0;0.0290886988940495;0.0379912809162241;0;0;0.0244093229492923;0;0;0;0.0675461913555503;0.00424510689463777;0;0.0192381497540491;
9999 ;0.966666666666667 ;56 ;0.01273469 ;28.058818 ;17.395262 ;17.173739 ;0.0118968613461745;0;0.0506682302326312;0.0513691147775023;0;0;0.0079472232609555;0.0401792455687104;0;0.0145466370556672;0.0148362178720561;0.015876243001348;0.0123193032103826;0.00205927694577974;0.0751747524153314;0;0;0;0.0292648389462179;0;0;0;0.0689232552875554;0;0.0811853409421994;0.0226292607103761;0;0;0;0;0.0382038499693531;0;0.0885434621596215;0;0;0.00912424129996413;0;0;0;0.074493045369087;0.0212923466225649;0;0.0839564794821442;0;0.0264745160421489;0.0345770286853259;0;0;0.0263166827282526;0;0;0;0.0728242930415812;0.00457682220542454;0;0.0207414308216443;
9999 ;0.702777777777778 ;55 ;0.0029849201 ;27.697394 ;15.99905 ;15.951294 ;0.0119821311278787;0;0.0332282541079694;0.0646408997897654;0;0;0.00852625505741174;0.0173253713212369;0;0;0.0370411090921673;0.0143114247508647;0.0144308775935415;0.0314350661068281;0.0715642089033383;0;0;0;0.0278248287650887;0;0;0;0.0706790545478903;0;0.0655570670039876;0.0182731013188333;0;0;0;0;0.0317989839539588;0;0.102773873334644;0.0290947929273666;0;0.00714692415840335;0.0336769921704799;0;0;0.0572800943774135;0.0151938891971968;0.00480334566306226;0.0725998883883243;0;0.0249742394177183;0.0307815048664237;0;0;0.0196218387473035;0;0;0;0.0526299335843995;0.0122103762923184;0.0185936734341858;
9999 ;0.74478021978022 ;58 ;0.0032654508 ;29.054897 ;16.177886 ;16.125058 ;0.0203890220373276;0;0.0308637654183608;0.0902807958868567;0;0;0.00703362702714639;0.0142923474796203;0;0;0.0385710563087247;0;0.0170427588100923;0;0.0845167969770951;0;0;0;0.0261787082533613;0;0;0;0.0664976724296736;0;0.0703483928394713;0.0196086153441634;0;0;0;0;0.0347414795724977;0;0.0874843144038688;0;0.0130858054561279;0.00820877568937519;0;0;0.00479412512456317;0.0663707284186509;0;0;0.0841218494455879;0;0.0265266631757243;0;0;0;0.023585105645533;0;0;0;0.0711530897631518;0.00447179131593651;0;0.0202654475234795;0;0.0695672656536097;
9999 ;0.966666666666667 ;56 ;0.020341906 ;28.185594 ;17.370782 ;17.017427 ;0.0117585648486213;0;0.0500792312879098;0.0507719683159759;0;0;0.00785483980701055;0.0397121770894875;0;0.0143775379212452;0.0146637524705574;0.0156916877024753;0.0121760959865008;0.00203533863290825;0.0743008744519797;0;0;0;0.0289246463012878;0;0;0;0.0681220486054836;0;0.0802415921686136;0.0223662041438246;0;0;0;0;0.0377597447141876;0;0.0875141780197461;0;0;0.00901817545806698;0;0;0;0.0736270919913979;0.0210448311748425;0;0.0933189569436205;0;0.0294268439777292;0.0384329151368301;0;0;0.0246930720637273;0;0;0;0.0683313901920936;0.00429445465100683;0;0.01946178594287;
9999 ;0.716468253968254 ;55 ;0.0022180665 ;28.191196 ;15.523178 ;15.488746 ;0.0218000338039951;0;0.0326313747639188;0.0604850931682139;0;0;0.00797809642503085;0.0162115116272691;0;0;0.0151762932661665;0.0180195315568277;0.0139824058461923;0;0.0650682400161511;0;0;0.0170985307459233;0.0206256715371439;0;0.00614184530935583;0;0.0825034554647177;0;0.0457560739137195;0.0544295567812032;0.0231195149378731;0;0.0447146014690783;0;0.0370833149820899;0;0.0859464451751328;0;0;0.00841707709069743;0;0;0;0.071858070856943;0.0205391918766929;0;0.0592318276402625;0;0;0.0364710885115899;0;0;0.0206859213891328;0;0;0;0.0572426858138949;0.00359755769110705;0.0531849883396765;
9999 ;0.537645584549609 ;53 ;0.0066873151 ;26.707746 ;16.21233 ;16.103913 ;0.021263031632668;0.0238912227656456;0.027080972524731;0.0526822271640412;0;0;0.0082047879888547;0.0166721494444812;0.0273195620680015;0;0;0.0185315428901546;0.0143797053119331;0.0160598202416366;0.0916137951165576;0;0;0;0.0253359217274533;0;0.00983011922427117;0;0.0954073376308264;0;0.103160133112041;0;0;0;0;0;0.0371949046036482;0;0.0639991405643259;0;0;0.00796689488054824;0;0;0;0.0707222440389455;0.0191128863457813;0;0.0847521466507384;0;0.026725418692535;0.0349047199687402;0;0;0.023761821044321;0;0.0252168129196653;0;0.0542106814474541;
9999 ;0.966666666666667 ;56 ;0.020341906 ;28.185594 ;17.370782 ;17.017427 ;0.0117585648486213;0;0.0500792312879098;0.0507719683159759;0;0;0.00785483980701055;0.0397121770894875;0;0.0143775379212452;0.0146637524705574;0.0156916877024753;0.0121760959865008;0.00203533863290825;0.0743008744519797;0;0;0;0.0289246463012878;0;0;0;0.0681220486054836;0;0.0802415921686136;0.0223662041438246;0;0;0;0;0.0377597447141876;0;0.0875141780197461;0;0;0.00901817545806698;0;0;0;0.0736270919913979;0.0210448311748425;0;0.0933189569436205;0;0.0294268439777292;0.0384329151368301;0;0;0.0246930720637273;0;0;0;0.0683313901920936;0.00429445465100683;0;0.01946178594287;
9999 ;0.556944444444444 ;54 ;0.0030297749 ;29.131185 ;14.538616 ;14.494568 ;0.0186432453187208;0;0.0285347788339082;0.0549196144583451;0;0;0;0.0137900346795873;0;0;0.0129094445514874;0.0153279947479168;0.0285621444323704;0;0.06574156821802;0.0014184424080622;0.0333339349109178;0;0.0214495753791996;0;0;0;0.0556693289898333;0.0167319841856932;0.0600034897013675;0.00832136539584875;0.00101939057724513;0;0;0;0.0288866366585449;0;0.0931041045198424;0;0.02009156606182;0.0196289476261704;0;0.0712365897321163;0;0.0815308219332274;0.0168375622090607;0;0.0746626917445266;0.00484361970945999;0.0235438484621176;0.0307494317305575;0;0;0.0209330570378572;0;0;0;0.0579265667988036;0.0196482189873718;
9999 ;0.85 ;56 ;6.2007836e-005 ;28.579242 ;15.753627 ;15.75265 ;0.0217024508359463;0;0.0324569688460144;0.0601618166201109;0;0;0.00793545564632619;0.0161248654596948;0;0;0.0134999130647858;0.0390923746391323;0.0124379029878768;0;0.063619170821417;0;0;0.0167177466003404;0.0201663379938091;0;0.00600506646249597;0;0.080666104158714;0;0.0447370865065929;0.0532174109786566;0.0226046435215669;0;0;0;0.0317560146715059;0;0.0735995844833039;0;0;0.008194572833114;0;0;0;0.0699585127876612;0.0199962412073996;0;0.0886692013238039;0;0.0313865085340273;0.0390232799344164;0;0;0.0266908147971977;0;0;0;0.0691686216147786;0;0;0.0304113326693111;
9999 ;0.578571428571429 ;55 ;0.0017576355 ;28.474314 ;14.038607 ;14.013932 ;0.00286894581882831;0.0372872776408631;0.0225911171364653;0.0418746018106484;0;0;0.0279068504642816;0.0354150710775885;0.0024231613694445;0;0.00301846052401107;0.0248680927446106;0.0125235386926276;0;0.0631397020953841;0.023874036025581;0;0;0.0206006615939521;0;0;0;0.0546063974210241;0;0.0583203544583895;0.0162559704799423;0.00803299125761074;0;0.0345179131463401;0;0.0283350848691081;0;0.0792348055455961;0;0;0.0185154997381924;0;0.0229844114106172;0;0.0558778349510121;0.0159715611625291;0.0512124903934207;0.0708225889799568;0;0;0.0291679058702054;0.0243666380723755;0;0.02280065738878;0;0;0;0.0552450416042282;0.00355695141949875;0.0317833848368866;
9999 ;0.680626780626781 ;57 ;0.00077714339 ;30.892655 ;14.306023 ;14.294905 ;0.0131716238654838;0;0.0338442062901263;0.0627331819597755;0;0;0.00827462352305861;0.0168140554223522;0;0;0.0157403604272146;0.0186892752043978;0.0148889430092043;0;0.0761561020033816;0;0;0;0.0252139751632241;0;0;0;0.0668349578020862;0;0.0758200570473481;0.0153405497473377;0;0;0;0;0.0267394542556486;0;0.0736193326982874;0;0;0.0180786381806029;0;0.0216557448104342;0;0.0622294488737015;0;0.030171361145179;0.0417826551086403;0.0155076241069964;0.0331093106601534;0.0274817881952876;0;0;0.0187085681724186;0.0322589105770741;0;0;0.0517708962427072;0;0.0481010713221047;0;0.0552632841857728;
9999 ;0.775 ;52 ;0.012701278 ;27.156722 ;12.1903 ;12.035468 ;0.0124289606200641;0;0;0.0669306082714434;0;0.034427990413771;0.00917420488544822;0.0186420069710824;0;0;0.0174515844893315;0.020721092555797;0.016507604643711;0;0.0844354647808631;0;0;0;0.0279551297384604;0;0;0.0278789871496102;0.075681362087637;0;0.0215581932689986;0.0225298508248555;0.0571163112887688;0.0144960766776932;0;0;0.0392708165900221;0;0.0875246098709196;0;0;0.00418963428263465;0;0.00450357166034823;0;0.0876802635363151;0.025061649096545;0.00865592016989932;0.111130706326234;0;0.0016091638582245;0.0559866639110456;0;0;0.0302935063517863;0;0;0.0161580656784897;
9999 ;0.811363636363636 ;52 ;0.00052460334 ;25.903873 ;12.537772 ;12.531194 ;0.0140407012381472;0;0.0369660223120024;0.0685197396608621;0;0;0;0.0345959762591837;0;0;0.075175307132596;0.0201267211699075;0.0156174972064779;0;0.0798826155462338;0;0;0;0.0192431779617501;0.00683643546516745;0;0;0.0609635560103463;0;0.0651098838869454;0;0;0;0.0494233565872358;0;0.0367553309108854;0;0.105115091045663;0;0;0.0088266287076374;0;0;0;0.0783541139756745;0.0223959558346415;0;0.0718226168359384;0;0.0313161123794591;0.0409003932058113;0;0;0.0270713243058124;0;0;0.030941442361621;
9999 ;0.822727272727273 ;52 ;0.0081724129 ;26.90511 ;14.642026 ;14.522365 ;0.0236826863906739;0;0.0354494227843269;0.0657085904403961;0;0;0.00866708544249765;0.0176115390113302;0;0;0.0181499790006058;0.0215503294263757;0.016722157910068;0;0.0855328926122235;0;0;0;0.0283184692129798;0;0;0;0.0750640738961992;0;0.0801694234278781;0.0223460881323588;0;0;0;0;0.038950507722945;0;0.0902739595467799;0;0;0.0264675145515867;0;0.0326724254271115;0;0.0794305480723362;0.0227036329847555;0.00814138683842641;0.104524770569824;0;0.00151351042974935;0.0526586520839057;0;0;0.0284927713127337;0;0;0.0151975827719326;
9999 ;0.776190476190476 ;54 ;0.010289906 ;27.795442 ;16.777506 ;16.604867 ;0.0129453556980799;0;0.0200228344954618;0.0705884703610972;0;0;0.00740291527933522;0.0150427421195485;0;0;0.038556408651871;0.0188032418640982;0.0145905323975148;0;0.0746297485900686;0;0;0;0.025707382645633;0;0;0;0.0753751760775882;0.0454635996797669;0.0797399713901012;0.0222263844763457;0;0;0;0;0.0393151168816814;0;0.0911189989152081;0;0;0.00808377745761907;0;0;0;0.0717598124094893;0.0205111066653632;0;0.0876020132856586;0;0.0276240847682156;0.0360784223558913;0;0;0.0245608335018841;0;0.00419712588548541;0;0.0656362420401615;0.00241770210683205;
9999 ;0.782539682539682 ;58 ;0.0019752048 ;28.648709 ;15.956661 ;15.925143 ;0.0125022103687035;0;0.0346705121659036;0.0674466102038899;0;0;0.00889633348586595;0.0180773716012866;0;0;0.0386488624784695;0.0149326059781535;0.0150572436200176;0.0327994916119103;0.0746704225676239;0;0;0;0.0290325534733052;0;0;0;0.0737468484686193;0;0.0684025432614464;0.0190662374112353;0;0;0;0;0.0332335406150316;0;0.0836870954172243;0;0.012517821706445;0.00785247731615021;0;0;0.00458603818839195;0.0634899355379379;0;0;0.0804705768022223;0;0.025375284785786;0;0;0;0.022561404293245;0;0;0;0.0680647205480744;0.00427769513989749;0;0.0193858345021811;0;0.0665477284509823;
9999 ;0.942857142857143 ;53 ;0.0025675929 ;28.759088 ;18.021567 ;17.975295 ;0.0135632867341477;0;0.0357090968274708;0.0661899188798675;0;0;0.00873057356000013;0.0177405470227972;0;0;0.0166076890613526;0.0197190955576875;0.0157093566626049;0;0.0803524714726393;0;0;0;0.0266033208990244;0;0;0;0.0705177116329918;0;0.0753138484181923;0.0209926655622523;0;0;0;0;0.0365914148939409;0;0.0848063889536713;0;0;0.0248644719359591;0;0;0;0.0823728526705426;0.0235446318869185;0;0.108365974270613;0;0.0253317556186929;0.0450263620545625;0;0;0.00567373590480737;0;0.0110550571601916;0;0.0846177723590721;
9999 ;0.694444444444444 ;56 ;0.0008304931 ;28.799528 ;14.183151 ;14.171372 ;0.0134664433860498;0;0.0373444755350016;0.0726484302460063;0;0;0.00958246323631943;0.0194715889477194;0;0;0.0178889541235702;0.0212404022309553;0.0164816673170981;0;0.0830953287228169;0;0;0;0.0271116063308462;0;0;0;0.0718650293473668;0;0.0698562901367905;0.0194714487051372;0;0;0;0;0.0310733341220087;0;0.0428791124155622;0;0;0.0294759295542238;0;0.0272520515452104;0;0.0662529751628235;0.0189370874147189;0.0350863796416139;0.0839726026029743;0;0.0264796002455802;0.0345836689067225;0;0;0.0263217366211516;0;0;0;0.0728382783216134;0.00457770114482137;0;0.0207454140352972;
9999 ;0.572557997557998 ;51 ;0.0095237045 ;27.599275 ;13.472246 ;13.34394 ;0.0105757379948429;0;0.0293281141494368;0.0570537254709949;0;0.0277574008067712;0;0.0152918196104907;0;0;0.0295782186101643;0.0166809396111495;0.01294371425824;0;0.0652580937649964;0;0;0.0124633431969011;0.0212918316258158;0;0;0.0316093659586761;0.0875402527464254;0;0.0662278610252783;0.0184600756249651;0.0143926509458229;0;0;0;0.0218334285299271;0.0327154186095237;0.0786228880097621;0.00929223997180048;0;0.00799079739805791;0;0;0;0.0646083001928551;0.0184669899798709;0;0.0818880526288064;0;0.0258222662068953;0.0337251581080637;0.0101505468275517;0;0.0229929397770087;0;0.0754378283589055;
9999 ;0.708173076923077 ;54 ;0.014556797 ;27.725457 ;14.540077 ;14.32842 ;0.0100881282653075;0.0291596646725711;0.0279254824746581;0.0543251026177834;0.00553471315541183;0;0.0073953576742147;0.0150273850472898;0.000670034616526776;0;0.0141906091113619;0.0332193837659516;0.015316840297975;0;0.0759577892417248;0;0;0;0.0561375555014204;0;0;0;0.0597634596688192;0;0.0356896914004978;0.0424549992696063;0.018033198281343;0;0.0290274647874915;0;0;0;0.0708319361513231;0;0.0160339347613529;0.00632462071970268;0;0.0293226274452354;0;0.0712867911839593;0.0203759030118689;0;0.0903527331749296;0;0.0284914862872545;0.0372112916841824;0;0;0.0253320483481731;0;0.00432891643707161;0;0.067697232531877;0.00249361841311498;
9999 ;0.717099567099567 ;56 ;0.0043092283 ;28.48753 ;16.386802 ;16.316188 ;0.0228821027620469;0;0.0342510693941226;0.0634873381340085;0;0;0.00837409812683959;0.0170161880627592;0;0;0.0175364263061137;0.0208218292619235;0.0161568721296766;0;0.0826414877941693;0;0;0;0.0273611748222295;0;0;0;0.0725265632579208;0;0.0774593285149082;0.0215906876669088;0;0;0;0;0.0376338015733428;0;0.0872222848797983;0;0;0.0255727909340501;0;0;0;0.0550523855321223;0.0492011626792177;0;0.069776369759598;0;0.0216561216352806;0.0554770556545164;0;0;0.0194221405811907;0;0;0.0173427756508923;0.059019200523675;0.00370920713708715;0;0.0168095372256013;
9999 ;0.494298245614035 ;56 ;0.0041480997 ;25.295622 ;14.918826 ;14.856941 ;0.020321572135971;0;0.037499276409363;0.0584827146654557;0;0.019793884106493;0.00771397897166121;0.0399701570470281;0;0;0.0143794513163002;0.0170734033811532;0.0132482497948499;0;0.0616517863183019;0;0.019570379516646;0.0229544352346364;0.0537481431449488;0;0.00581936340245996;0;0.116775615823948;0;0.0433536190773387;0.0515716946276967;0.0219056085484829;0;0.0207753959003329;0;0.0322871215037618;0;0.0703203028642259;0;0.0112541654540139;0.00705978092772683;0;0;0.00412308417238567;0.0570807170740212;0;0;0.0105944650934968;0;0.0228136859686157;0;0;0;0.0202838626995581;0;0;0;0.0611936840604507;0.00384586791497844;0;0.0525345328436973;
9999 ;0.773611111111111 ;55 ;0.0042182936 ;27.780838 ;15.585618 ;15.519874 ;0.0115059070652137;0;0.0490031724546379;0.0496810245537821;0;0;0.00768606186172468;0.0388588764727123;0;0.0140686059292202;0.0143486705499876;0.0153545184064028;0.0119144666582526;0.00199160505197429;0.0727043620811283;0;0;0;0.0283031387351507;0;0;0;0.0666583014540731;0;0.0785174308380925;0.0218856186612448;0.0212829121902511;0;0.0411624958069305;0;0.0371498198123158;0;0.0861005806332938;0;0;0.00843217218894271;0;0;0;0.0719869403715754;0.0205760266491342;0;0.0593380533820304;0;0;0.0365364953812505;0;0;0.020723019304751;0;0;0;0.0573453442494626;0.00360400951353961;0.053280369742925;
9999 ;0.61969696969697 ;54 ;0.001710183 ;28.521945 ;15.132644 ;15.106764 ;0.0133202227049457;0;0.020602648616552;0.0726325461841683;0;0;0.0076172862674771;0.0154783444965651;0.0247788341855283;0;0.0055857895956603;0.0172045965555829;0.0140765106439557;0;0.0709692931379756;0;0;0.00892954978343511;0.0231552310666398;0;0;0;0.0613778224662351;0;0.0864553525854702;0.0182717798143941;0;0;0;0.0297910206699883;0.0579304537157599;0;0.0709827336334548;0;0;0.020811500290749;0;0.0258345759778803;0;0.0628069236462823;0.0179521025345081;0;0.0796048906045814;0;0.0251023026018226;0.00872605148325467;0.0325292350388617;0;0.0256280356774311;0;0;0;0.0776268224733613;0.00421754354747935;
9999 ;0.527871148459384 ;54 ;0.003151322 ;27.938659 ;15.646401 ;15.597094 ;0.010828355717646;0;0.0330644517149498;0.0643222452484193;0.00655323524129917;0;0.00875628369020146;0.0073282066235776;0.000793337312814529;0;0.0489844349143226;0;0.0281991544945489;0;0.0899358733384998;0;0;0;0.0251569564793393;0.0269858120703244;0;0.0169543960076685;0.0654781175527451;0;0.0692697979897129;0;0;0;0;0;0.0341528866496947;0;0.0791547142273602;0;0.000276166914477956;0;0;0;0.0331880500992071;0.0598785951661681;0;0;0.113791289779705;0;0.00930343082615603;0.0312562795065003;0.0333911241595706;0;0.0348180440827753;0.00194249042763771;0;0;0.0401778788226439;0.0260583909420342;
9999 ;0.80952380952381 ;56 ;0.016126765 ;28.687446 ;16.652267 ;16.383719 ;0.0211014260519415;0;0.0319421629182452;0.0771175814995342;0;0;0.00730845875425989;0.014850806227457;0.0237742263142696;0;0.00535932501895828;0.0165070708773303;0.0135058069019276;0;0.0680919862408772;0;0;0.00856751919183953;0.0222164489102159;0;0;0;0.0588893824085381;0;0.0829501946321337;0.0175309873426415;0;0;0;0;0.0343212745321578;0;0.0864261743846312;0;0;0.00838111598722527;0;0.0283430489571274;0;0.0727559982787242;0.0207958464652084;0;0.0922148856776204;0;0.0272696468459806;0.0356155088814853;0;0;0.0241979477268365;0;0;0;0.0694361932283402;0;0;0.0305289757444935;
9999 ;0.867857142857143 ;56 ;0.0063796224 ;28.879369 ;16.490676 ;16.385472 ;0.0135362003236181;0;0.0209367054176365;0.0738102295240381;0;0;0;0.0163498936402491;0;0;0.0153058386201121;0.0181733468892362;0.0154601664912415;0;0.0779452461928094;0.00168174939697323;0.0395217490795176;0;0.0254312831132717;0;0;0;0.0660032863699116;0;0.0704923825469173;0.0196487504300249;0;0;0;0;0.0342488940720971;0;0.0793772266071164;0;0;0.023272690273431;0;0.028728622627747;0;0.0698426948980569;0.0199631369808462;0;0.0885224074689747;0;0.0279143183597335;0.0364574817956704;0;0;0.0248188829170136;0;0;0;0.0686795376596957;0.00431633483677909;0;0.0195609434672812;
9999 ;0.825 ;56 ;0.0011770468 ;28.105537 ;16.388008 ;16.368718 ;0.0256064904285395;0;0.0387212812243975;0.0717732648224175;0;0;0.0094670272872034;0.0192370228141957;0;0;0.0180086044107751;0.0213824686821144;0.0165919049651174;0;0.0848666561603972;0;0;0;0.0118946982595188;0;0;0;0.0661386466000414;0;0.0699685766868203;0.0195027469861495;0;0;0.032302143824408;0;0.0344974135622616;0;0.0799532098153784;0.010978374707269;0;0.00775340491216749;0;0;0;0.0626889016362526;0.0179183683042294;0;0.0794553031283621;0;0.0250551322575764;0.0327232431900023;0;0;0.0604386369684756;0;0;0;0.0616448833633387;0.00387422464735826;0;0.0175573703552325;
9999 ;0.911111111111111 ;53 ;0.0034808641 ;29.039071 ;17.217449 ;17.157517 ;0.0137824275164274;0;0.0362860454363633;0.0672593433406696;0;0;0.00887163263787636;0.0180271794172049;0;0;0.0168760179733708;0.0200376951796716;0.0159631713002833;0;0.0816507189993466;0;0;0;0.027033148319717;0;0;0;0.0716570598451718;0;0.0812904286016707;0.0164473611931944;0;0;0;0;0.028668689811972;0;0.0789309233132803;0;0;0.00915996281828204;0;0;0;0.0813131258206874;0.0219751020821;0;0.0974440511303604;0;0.0307276354460691;0.0401318131957334;0;0;0.0273202295905872;0;0.0289931111434236;0;0.0801531258865367;
9999 ;0.731746031746032 ;53 ;0.0099658414 ;28.368937 ;13.467182 ;13.332971 ;0.00986186075691263;0;0.0241900767463598;0.0271511167142759;0;0.0273171714015119;0;0.0278645124384679;0;0;0.060548176613626;0.0604841911977874;0.0125787444732715;0;0.0541982982792641;0;0;0.0379948158916247;0.0154989634532571;0;0;0;0.0491016571411999;0;0.0668749998012889;0;0;0;0.0430586888242751;0;0.0296037136710226;0;0.0846624688365328;0;0;0.00710919973962035;0;0;0;0.0631084715495128;0.0180382939695216;0;0.0578478313545803;0;0.0252228234978702;0.0329422562520988;0;0.00546134598641809;0.0218039591423545;0;0.0333342636394955;0.0249210543761042;0.0792210442517451;
9999 ;0.90952380952381 ;54 ;0.0046993256 ;28.700486 ;16.81047 ;16.731472 ;0.0115860502268879;0;0.0400878125440504;0.0623914913606916;0.0137323482643238;0;0.00849344726849993;0.0490675201905104;0;0;0;0.00919079753757455;0.0119211849085123;0;0.0872362779430987;0.00460545302470488;0;0;0.0212161632848813;0;0;0;0.0672140932913183;0;0.0717855403484228;0.0200091998004446;0;0;0;0;0.0405238211560076;0;0.0794882644875028;0;0;0.00749362792483062;0;0;0;0.0695591638926993;0.0228818228912607;0;0.0915088687632301;0;0.0213912191170307;0.0373790490090674;0;0;0.0244438329523645;0;0.0183404578989953;0.0093561943835918;0.0703899874609153;0.0287063100685825;
9999 ;0.653409090909091 ;57 ;0.0088356605 ;31.52657 ;15.438659 ;15.302248 ;0.0107019732614018;0;0.0296246993392513;0.0576306902874921;0.00587149079006493;0.0195114892290114;0.00784535228007795;0.0200109151899402;0;0;0.022678176119849;0.0228240668438171;0.0162488432945291;0;0.0663143176893518;0;0.00990722089652138;0.0057385531886694;0.0166607158713463;0;0;0;0.0527821593301377;0.00160125741010067;0.0563720440570145;0.0157129066274564;0;0;0;0;0.0120439615427085;0;0.0737541678718101;0;0;0.00695305521513475;0;0;0;0.0634145506202292;0;0;0.0874024414456687;0;0.025345155384343;0.0331020277523962;0;0;0.0224902342367253;0.0209348432670534;0.0264725609154907;0.0149888767859994;0.0742150865253217;0;0;0.0283744647790726;0.0724717019520133;
9999 ;0.647441032487761 ;52 ;0.0001374199 ;25.807493 ;12.037942 ;12.036288 ;0.0117254349334991;0;0.0181359592224709;0.069969165332251;0;0.0179315926540542;0.00670529288267657;0.0136251716876605;0.00206344132997197;0;0.0349230002991707;0.0170312963319372;0.013215576478717;0;0.0675969267747537;0;0.0312391870726875;0;0.0232848173161162;0;0;0;0.0682721080294372;0.0411792840861705;0.0722255817406696;0.0201318550886154;0.0635887041309237;0;0;0.0161037024737632;0.0256901147461988;0;0.0825322932721208;0;0;0.00732199321570271;0;0;0;0.0649974423933652;0.0185782184922465;0.0217952288585551;0.0602991606064559;0;0.00119287432493987;0.0742099924844968;0;0;0.0224565980367721;0;0;0.0119779857035998;
9999 ;0.369254764843 ;54 ;0.0015900345 ;30.544195 ;15.044407 ;15.020486 ;0.0189301195192942;0.00195344509691342;0.0349316371571352;0.0544783036972919;0;0.00104346185627557;0.00718578970789314;0.0157518943067967;0;0;0;0.0159043584051381;0.0123411195925167;0;0.030997743873892;0;0;0;0.0245275845024784;0;0;0;0.0719159560549929;0.0433771223739013;0.0760804362488515;0.00483191858757725;0;0;0.00396641462461903;0.0232354924949024;0.0375108141047593;0;0.0869372419775941;0;0.0116257769382077;0;0;0;0;0.0684665135699739;0.0460978996459944;0.00675911147926198;0.117834795820456;0;0.00125654092143334;0.0437180675536582;0;0;0.0236551611510341;0;0.0378739448113333;0.0126172798577715;0;0.0641940540680529;
9999 ;0.761111111111111 ;55 ;0.0010766063 ;27.574989 ;15.125189 ;15.108905 ;0.0134129952396752;0;0.0207461417079693;0.0731384165110106;0;0;0.00767033905574105;0.0155861478932628;0;0;0.0399492248624133;0.0194824923699099;0.0151176024944003;0;0.0773256823468527;0;0;0.016388768276635;0.0197694969465626;0;0.00588689642763426;0;0.0790787251679689;0;0.0438567327078278;0.0521701780546127;0.0221598205492213;0;0.0428584919340821;0;0.0355439812462157;0;0.0823787958805526;0;0;0.00806768301065301;0;0;0;0.0688752320056063;0.0196866070692489;0;0.0567731059599547;0;0;0.0349571683845177;0;0;0.0198272458185341;0;0;0;0.0548665336967517;0.00344822255417688;0.0509772718280086;
9999 ;1 ;56 ;0.030593292 ;28.547571 ;17.20613 ;16.679738 ;0.0238227184266779;0;0.0360239206658687;0.0667734722647568;0;0;0.00880754533816788;0.0178969538660165;0;0;0.0167541082341051;0.019892945974101;0.0154360973929349;0;0.0789547657522605;0;0;0;0.0261405645815127;0;0;0;0.0692910784363886;0;0.0740037879455198;0.0206275048123138;0;0;0;0;0.0375068053715834;0;0.0869279511046965;0;0;0.00819499238090523;0;0.0280198651845986;0;0.0681196213452467;0.0194706308796279;0;0.0920020081873775;0;0.0290115623795858;0.037890536809361;0;0;0.0250419319896788;0;0;0;0.0692967655678693;0.00435512604611254;0;0.0197367390627326;
9999 ;0.90952380952381 ;54 ;0.0046993256 ;28.700486 ;16.81047 ;16.731472 ;0.0115860502268879;0;0.0400878125440504;0.0623914913606916;0.0137323482643238;0;0.00849344726849993;0.0490675201905104;0;0;0;0.00919079753757455;0.0119211849085123;0;0.0872362779430987;0.00460545302470488;0;0;0.0212161632848813;0;0;0;0.0672140932913183;0;0.0717855403484228;0.0200091998004446;0;0;0;0;0.0405238211560076;0;0.0794882644875028;0;0;0.00749362792483062;0;0;0;0.0695591638926993;0.0228818228912607;0;0.0915088687632301;0;0.0213912191170307;0.0373790490090674;0;0;0.0244438329523645;0;0.0183404578989953;0.0093561943835918;0.0703899874609153;0.0287063100685825;
9999 ;0.802777777777778 ;53 ;0.00014067922 ;28.507631 ;17.837846 ;17.835337 ;0.0215386113304028;0;0.0326039496314131;0.0787153252377606;0;0;0;0.0157565474302688;0;0;0.0164783795768324;0.0195655602842156;0.01558704170327;0;0.0797268373686005;0;0;0;0.0263961842107548;0;0;0;0.0699686521637832;0;0.0747274456453432;0.0208292141180127;0;0;0;0;0.0363065096924813;0;0.084146076107067;0;0;0.02467087413695;0;0;0;0.0817314876330627;0.0233613105228642;0;0.107522223630731;0;0.0251345194921647;0.0446757813298399;0;0;0.00562955950781172;0;0.010968981142183;0;0.0839589281041863;
9999 ;0.467446393762183 ;56 ;0.0029757158 ;28.898623 ;14.88777 ;14.843468 ;0.0119909601374696;0;0.0315695129798604;0.0585168399332459;0;0;0.00771848015803127;0.0156839707319388;0;0;0.0131427721261914;0.0156050356248765;0.0132752899250076;0;0.0669297929017677;0.0262211202999163;0.0339364183219651;0;0.0218372587827495;0;0;0;0.0407251675444238;0.0316199666652211;0.0810463441304196;0.0168719307628719;0;0;0;0;0.0294087388176279;0;0.0681594015982605;0.0100209096911302;0;0.0199837246830252;0;0.0246686085007904;0.0211619537745587;0.0599723181791622;0.0171418872742096;0;0.0760121583862665;0;0.0239693841262552;0.0313052023758864;0;0;0.0213114047979257;0;0.00022158006965263;0.0125914846739183;0.076877511484745;0.00370633760018787;0;0.0167965329404412;
9999 ;0.883333333333333 ;56 ;0.0003203258 ;29.423175 ;17.238915 ;17.233393 ;0.0126827009212752;0;0.0239317309007969;0.0653126820976555;0;0;0;0.015940674473765;0;0;0.0156078848225761;0.0451965340725145;0.015404790220426;0;0.0787946313342864;0;0;0;0;0;0;0;0.0691505437085544;0;0.0825123031855751;0.0229991325888419;0;0;0;0;0.0448880121993491;0;0.104035064863412;0;0;0.00980773793777566;0;0;0;0.0870634351658049;0.0248853410478343;0;0.100433423633785;0;0.031670292770269;0.0325479709696656;0;0;0.0221574349322838;0;0;0;0.0745418413538009;0;0;0.0204358367997529;
9999 ;0.8004329004329 ;55 ;0.0036934254 ;28.151072 ;15.929295 ;15.870461 ;0.0115856298070967;0;0.0297107780835131;0.0727542125306765;0.00588855123507959;0;0.00786814805818279;0.0396332232425077;0.000712870397779674;0;0.00615294005580934;0.018951456992424;0.013727310825941;0;0.0702144190387599;0;0;0;0.0258895392495903;0;0;0;0.0686256828627958;0;0.0732931366749777;0.0204294208640465;0;0;0;0.0296561773342965;0.0576682426386807;0;0.0706614439171446;0;0;0.0207173010301382;0;0.025717640729517;0;0.0625226401642621;0.017870845788885;0;0.0792445743500494;0;0.0249886818483121;0.00868655468646969;0.03238199770152;0;0.0255120352940856;0;0;0;0.0558144641033038;0.00855631735636364;0.014563763137791;
9999 ;0.627777777777778 ;56 ;0.021993331 ;28.312399 ;15.989505 ;15.637842 ;0.0249064405982267;0;0.0376626892074133;0.0698110723853029;0;0;0.00920821045072719;0.0184202061133083;0;0;0.00664744189409073;0.020474554931923;0.0167519354201854;0;0.0844579346071157;0;0;0;0.0275561852847659;0;0;0;0.0730434796088812;0;0.0780114020124678;0.0217445703132409;0;0;0.0320179940149222;0;0;0;0.0781293345582041;0;0.0176858168973086;0.00697620924984655;0;0;0;0.0564050117866588;0.0504100255422957;0;0.0714907614025907;0;0.0221882082726204;0.0568401159702025;0;0;0.0198993387446398;0;0;0.0177688842281173;0.0604692906401787;0.00380034162487808;0;0.0172225442398876;
9999 ;0.514321789321789 ;56 ;0.0062615072 ;30.193976 ;13.071297 ;12.989451 ;0.00784545835563514;0.0456249707146424;0.0217174290467124;0.0422482069066393;0.00430430308073071;0;0;0.0116866796775421;0.000521080674486703;0;0.00609357763814712;0.0258344546264245;0.043006915885639;0;0.0590717778967396;0;0.0046947777935301;0;0.0436577373216148;0;0;0;0.0464775745995248;0;0.0277555935297717;0.0330169204830254;0.0140242770922853;0;0;0.0316106455764656;0.0267229968092038;0;0.0595587276609283;0;0;0.0174620842926773;0;0.0152102594685046;0;0.0526987376956502;0.0150628798168728;0;0.0667932292447201;0.0246552487274516;0.0210623221704092;0.0275084355350015;0;0;0.0471836122174523;0.0275303226849611;0;0.0275843194672956;0.0523924837736463;0;0;0.0493819595356685;
9999 ;0.966666666666667 ;54 ;0.018219522 ;27.591549 ;16.623671 ;16.320796 ;0.0209635842822752;0;0.0386839776111865;0.0603303381127383;0.0170768083079889;0;0.00826098778678768;0.0167863475725938;0;0;0.0382595658934802;0.0186584771835486;0.0144782010358889;0;0.0740551800240615;0;0;0;0.0255094635281022;0;0;0;0.0664653101458345;0;0.0709858300485401;0.0197862919126561;0;0;0;0;0.0344886367308443;0;0.0799328681209915;0;0;0.0234355993773164;0;0.0289297233218722;0;0.0703315945785453;0.0201028791730071;0;0.089142065355756;0;0.0281097189144665;0.0367126845942928;0;0;0.0249926153874733;0;0.00427091177425629;0;0.0667901336761647;0.0024602055493313;
9999 ;0.942857142857143 ;56 ;0.00046196587 ;28.914116 ;16.26767 ;16.260155 ;0.0368608922643053;0;0.0274327593431479;0.0533665789931429;0;0.00116259749078549;0.00800621607149816;0.0162686508182958;0;0;0.0149463481856709;0.0328277462041156;0.013770550066824;0;0.0694267371426483;0;0;0;0.0259935191916013;0;0;0;0.0689013036243607;0;0.0735875032926219;0.020511471377819;0;0;0;0;0.0357526659511286;0;0.0796835515768958;0;0;0.0233625020046972;0;0.0290012889336009;0;0.0705055790834736;0.0201526091628006;0;0.0893625827235498;0;0.0281792560202056;0.0368035034971202;0;0;0.0287694316375923;0;0;0;0.0714124745893988;0.00448809299471615;0;0.0194635877579834;
9999 ;1 ;54 ;0.0028972048 ;28.066444 ;17.201485 ;17.151648 ;0.0133785855856237;0;0.0371008326231716;0.0721744571929256;0;0;0.00951994530797918;0.0193445523630248;0;0;0.0177722429685782;0.0211018255506337;0.0163741375858749;0;0.082553197991043;0;0;0;0.0269347247274442;0;0;0;0.0713961673602027;0;0.0762520507499069;0.0212541761369085;0;0;0;0;0.0345844805646325;0;0.0801550013582717;0;0;0.0235007268484014;0;0.0291728758051295;0;0.0709227271546487;0.0202718425929871;0;0.0904685828426545;0;0.0285280178796411;0.0372590037524922;0;0;0.0253645289304511;0;0.00433446694465695;0;0.0677840334688174;0.00249681571389871;
9999 ;0.717307692307692 ;51 ;0.00076447841 ;27.53628 ;14.102878 ;14.092097 ;0.0219829753369837;0;0.0405650538721162;0.063264006619591;0;0.00121174069863688;0.008344640284197;0.0182921985095843;0;0;0.0171241137438058;0.0203322710346621;0.0157769953389107;0;0.0806984394791615;0;0;0;0.0267178649538571;0;0;0;0.0708213348031452;0;0.0756381219784602;0.0210830522115122;0;0;0;0;0.0367489639852715;0;0.0851715338806279;0;0;0.0249715291506441;0;0.0308257287394765;0;0.0749410090159399;0.021420388068526;0;0.0943781874067762;0;0.0619334133787279;0.033682198858211;0;0;0.0222937154671154;0;0.0317805231840598;
9999 ;1 ;56 ;0.013518357 ;29.29367 ;17.207267 ;16.974653 ;0.0138411483406513;0;0.0354579519334617;0.0657243999606445;0;0;0.0086691707476591;0.0176157763565653;0;0;0.006357141121508;0.0195804096035812;0.0160203607976139;0;0.0807695678552403;0;0;0;0.0263527777176066;0;0;0;0.0698535941009779;0;0.0746045621129549;0.0207949620786771;0;0;0;0;0.0362468064319032;0;0.0807848643724186;0;0;0.0236853970298816;0;0.0294021180878889;0;0.0714800423806503;0.0204311400000305;0;0.0905976701894924;0;0.0285687237912727;0.0373121676884035;0;0;0.029167056273485;0;0;0;0.0723994721625348;0.0045501232901129;0;0.0197325955747844;
9999 ;0.966666666666667 ;56 ;0.0037287389 ;28.688807 ;17.589062 ;17.523477 ;0.0118546816690829;0;0.0304007483568192;0.0744437759531782;0.00602530044082657;0;0.00805086923266224;0.0405536214157151;0.000729425312020068;0;0.00629582913532151;0.0193915646841128;0.0150470463980079;0;0.0769647919014731;0;0;0;0;0;0;0;0.0675446679079359;0;0.0805961286505276;0.0224650261526683;0;0;0;0;0.0438455826150986;0;0.101619069498515;0;0;0.00957997387160341;0;0;0;0.0850415701716444;0.0243074313910819;0;0.0981010688042048;0;0.0309348168935697;0.0317921128644898;0;0;0.0216428751522262;0;0;0;0.0728107640152317;0;0;0.0199612575119829;
9999 ;1 ;53 ;0.028188491 ;28.496259 ;18.092752 ;17.582745 ;0.0128595609724312;0;0.035661499206487;0.0693744362574394;0;0;0.00915061733235239;0.0185940770049726;0;0;0.0170827656338259;0.020283176465947;0.0164149818705891;0;0.0827591218942183;0;0;0;0.0270019117508643;0;0;0;0.0715742607328684;0;0.0764422568266871;0.0213071933793097;0;0;0;0;0.041037128217824;0;0.0951100324289113;0;0;0.00922322686398128;0;0;0;0.0745729093469115;0.0213151741427727;0;0.0945177369943935;0;0.0298048627069679;0.0389266263126517;0;0;0.0265391661518977;0;0;0.0141555614181792;0.0762917160875169;
9999 ;1 ;56 ;0.011535298 ;28.929128 ;16.849588 ;16.655223 ;0.0132043527147951;0;0.0366176586331637;0.0712345100814213;0;0;0.00939596453358977;0.0190926231234551;0;0;0.0175407903315515;0.0208270108759523;0.0154952761083437;0;0.0781222577243679;0;0;0;0.0254890368646967;0;0;0;0.0675640668414933;0;0.0721593167274045;0.0201133846573313;0;0;0;0;0.032728201567997;0;0.0788651022513565;0;0;0.0231225400096523;0;0.0287034095733345;0;0.0697813989671802;0.0199456167653642;0;0.088444717692296;0;0.0278898199618532;0.0364254856751405;0;0;0.0247971011611128;0;0;0;0.0711554685200087;0;0;0.0312848886371379;
9999 ;0.966666666666667 ;56 ;0.0066863405 ;28.663386 ;17.367752 ;17.251625 ;0.0209666545546856;0;0.0390688971233088;0.0609306467093861;0;0.00116704818991285;0.00803686576682718;0.0163309310748542;0;0;0.0150035663539143;0.0329534186079714;0.0138232670008028;0;0.0696925191702761;0;0;0;0.0199016740552867;0;0.00592625569667716;0;0.0796074385329341;0;0.044149954945251;0.0525189832526163;0;0;0;0;0.0387279732236175;0;0.0897582006628919;0;0;0.00924941787370388;0;0;0;0.075515024499207;0.0215844589099835;0;0.0957118246726527;0;0.0301814017613542;0.0394184049598583;0;0;0.0253262473285093;0;0;0;0.0700835312770969;0.00440457227645773;0;0.0199608215199625;
9999 ;0.645833333333333 ;56 ;0.01515796 ;29.013044 ;16.264785 ;16.018244 ;0.0127371735829556;0;0.0352584452054114;0.0637964879916967;0.0069880755218768;0;0.00933730737033258;0.0189734316229383;0.000845979253320938;0.018756591773158;0;0;0.0193388950345361;0;0.0873575464925883;0;0;0;0.0276907867571006;0;0;0;0.0608499095586063;0.0371225208277634;0.0768186685723581;0.00306471819300996;0;0;0;0;0.0361489999909376;0;0.0837810224721689;0;0;0;0;0;0;0.0704863279102035;0.0201471066000832;0;0.0893381827457574;0;0.0281715618242665;0.0367934544962896;0.0301646318419637;0.0144868972588016;0.0256428088879509;0;0;0;0.0637418405044233;0.00400601308781259;0;0.018154614621688;
9999 ;0.643540669856459 ;56 ;0.0066633044 ;27.52688 ;15.411362 ;15.308671 ;0.010460124668207;0.0302349176910381;0.0289552254315882;0.0563283228613704;0.00573880387776858;0;0.00766805904959515;0.0155815149151468;0.00069474192204581;0;0.0147138831425352;0.0344443375871646;0.0158816437327438;0;0.0787587076704979;0;0;0;0.0582076093473771;0;0;0;0.0619672175351907;0;0.0370057370010715;0.0440205133667763;0.0186981665209424;0;0.0300978429787934;0;0;0;0.0734438404378019;0;0.0166251808179739;0.00655783902299532;0;0;0;0.0530223469709138;0.0473868860310819;0;0.0672033891357071;0;0.0208575592917798;0.0534313575225933;0;0;0.0187059555523327;0;0;0.0167032665181018;0.0568428869678375;0.003572431347137;0;0.0161896910838909;
9999 ;0.788311688311688 ;55 ;0.0041867744 ;28.965515 ;15.900177 ;15.833606 ;0.00931538923988817;0;0.0258805672511588;0.0479718838926592;0;0;0.0149220324037434;0.0128576598426493;0;0;0.0369898889213328;0.0142916350188996;0.0144109226830718;0.0313915979306409;0.0893607697543752;0;0;0;0.0276791076373797;0;0;0;0.0651886109924892;0;0.0767862688274565;0.0214030818385138;0;0;0;0;0.0361337534577716;0;0.0837456862211488;0;0;0.00789498949180818;0;0;0;0.0732847792151673;0.0209469879164723;0;0.0964101186421377;0;0.022536940963711;0.036346470175255;0;0;0.0206152395089292;0;0;0;0.057047092850685;0.00358526516920461;0.0530032601534509;
9999 ;0.69488416988417 ;57 ;0.0054602536 ;29.314282 ;12.942007 ;12.87134 ;0.0337067359113741;0;0.0250853606003233;0.0809746043642747;0.0206151592020327;0;0.00760017259947595;0.0154435694809467;0;0.0176793472172674;0.0144573895949978;0.0171659431896456;0.0133200568312976;0;0.0681313378732146;0;0;0;0.0234689035666766;0;0;0;0.0511982276278746;0;0.0357507809186082;0.0189274948266454;0;0;0;0.0162556794876689;0.0344539914002371;0;0.0753316992588068;0;0;0.0156160966211903;0;0.0187059556137598;0;0.0537530026646473;0;0.0260616361768588;0.0479978646992575;0.0133952875211466;0.0285993994218384;0.0237384174346248;0;0;0.0406972033141443;0.0278648346979156;0;0;0.0447190385589525;0;0.0415490906917249;0;0.0477357186325715;
9999 ;0.546764346764347 ;54 ;1.142462e-005 ;28.22835 ;13.868959 ;13.8688 ;0.0110958198838844;0;0.0651719353880698;0.0541484842439322;0;0;0;0.014513142593303;0;0.0259352176475548;0.0135863769692624;0.0161317486587041;0.0128514714343623;0.012289204309563;0.0570518946894926;0;0;0;0.0217635786070626;0.0283607235258527;0;0;0.0924730203549702;0;0.0668937063212544;0.0132412782252875;0;0.0222640523616061;0;0;0.023080304110538;0;0.0635449239481919;0;0.0214276297622325;0.00148820806775527;0;0;0;0.0653776712959406;0.0176914969690447;0;0.0784492890537447;0;0.0128651117079192;0.0323089216542441;0;0;0.0219946991458658;0;0;0;0.0645288826592614;0.0694712064110999;
