Fitness EW;tb ;Safety margin ;First-order momentum;zj-min ;zcr ;Kernel ;
1;53;0.057247997;26.355204;17.954634;16.926767;0;0;0.0553085242123176;0.0507046006497791;0.0105114784571933;0;0.0145167276056027;0.0373756722842922;0;0.0247429948215716;0.0134814932111143;0.0271659240731813;0.0172751316926914;0;0.0787770391967039;0;0;0.0147467519292539;0.0294154312369769;0;0;0;0.0580486624278153;0.00519567792689852;0.0672301406240005;0.0351561781993284;0;0.0037388231749159;0;0;0.046766819359582;0;0.0831399082487869;0;0;0.0228105753663037;0;0;0;0.0560515956426344;0.0123554017256246;0;0.089888031624376;0;0.0122172441871404;0.0465118045840942;0;0;0;0;0;0;0.0868673675378209;
1;53;0.054038635;26.698937;17.81347;16.850855;0;0;0.0525777860025914;0.0482011711626401;0.0128149663643457;0;0.0175687371732269;0.0369957059020279;0;0.0244914540290148;0.0133444384401931;0.0268897514384139;0.0170995102552365;0;0.077976180649963;0;0;0.00512407494169471;0.0294403026641052;0;0;0;0.0552622745997959;0.00494628072930035;0.064003033612815;0.0349207461196326;0;0.00328577861420518;0.00666718133985696;0;0.0493162218694738;0;0.0798400562268243;0;0;0.0240447271223524;0;0;0;0.0590842317809528;0.0130238829231174;0;0.093326236090574;0;0.0130503548120699;0.0496835082833982;0;0;0;0;0;0;0.0870214068521781;
1;53;0.050820039;25.862691;16.922352;16.062358;0;0;0.0504705130834074;0.0550406489953475;0.0111613919803312;0;0;0.0524739825804464;0;0.0202719619710038;0.0376874367982289;0.0241861929096074;0.0246412436162493;0.000961476142101112;0.0613595033901731;0.0273802831116962;0;0;0.0273262704317304;0;0.00803862464832327;0;0.0525810306015748;0;0.0640463912132958;0.0392473530924209;0;0.00309732194426197;0.00528263757828847;0;0.0457293995810026;0.000515323677865942;0.0787505745421701;0;0;0;0.0103231387876414;0.00101518830103773;0;0.0464472175702988;0.0089635696476685;0;0.0814547236107281;0;0.0227099093483227;0.044134851019183;0;0.00663753047142494;0.0156328993305079;0;0;0.000137616927855941;0.0722937930958047;
1;53;0.049969391;26.638503;17.549738;16.672789;0;0;0.052890346282079;0.0639128635200014;0.00986413053806144;0;0.00228600095384777;0.032937821853709;0;0;0.0307193229463253;0.0397851719437679;0;0.0172125250155423;0.066592606482645;0.0174700003682465;0;0;0.0268342610827757;0;0.0236232068286085;0;0.0383069396093911;0;0.0719329694772237;0.0380023255617281;0;0;0;0.00208953194680644;0.0336369800741821;0.00314028769923463;0.0885073295271398;0;0;0;0;0.029461609415305;0.00567220557596779;0.0552519571850523;0.0186067676962091;0;0.0801947062283232;0;0.0132178549316337;0.0574804526329471;0;0;0;0;0;0;0.0803698246232458;
1;53;0.04925832;25.98422;16.967865;16.132056;0;0;0.0537014236989706;0.0648929720633163;0.03640369920472;0;0.002217048069408;0.0319443149086863;0;0;0.0279107327519234;0.0361477140479966;0;0.0169836907487716;0.0638902027703056;0.0167610478832282;0;0;0.0262359542716658;0;0.0356446885369229;0;0.0321236699278946;0;0.0660600814712464;0.0351379821447724;0;0;0;0.00228000866664927;0.0329945139226964;0.00308030821985701;0.0868168399750407;0;0;0;0;0.0288988928225586;0.00556386647778506;0.0509373435364277;0.017145353675663;0;0.0738960481288011;0;0.0131906154123793;0.0573619962037955;0;0;0;0;0;0;0.0817789904585175;
1;53;0.04920592;25.942503;17.201872;16.355438;0;0;0.0495668751538695;0.0566815659726927;0.0150638757296288;0;0.0164788031926323;0.0563278784874757;0;0.0169727974280815;0.0122536226388338;0.0253953839046537;0.0161492243060655;0;0.0784278477252665;0;0;0;0.0294473661192902;0;0;0;0.0595186180901284;0.00545285248214932;0.0705578837515941;0.0384971431218946;0;0.00355929112688246;0.00589166586921806;0;0.0431894075229495;0.00801346466360814;0.07813102016067;0;0;0.00229546621114669;0.0156277903893423;0;0;0.0518610477989976;0.0115934778417951;0;0.0879752930666358;0;0.0135424720920156;0.0508005187584538;0;0;0.0141284086908654;0;0;0;0.0665989377031631;
1;53;0.049202147;26.58052;17.273375;16.423488;0;0;0.0494426738743427;0.0654266212993133;0.0314559404782481;0;0;0.0167366391601385;0;0.0174099686643326;0.0269249523319009;0.0348710113166922;0;0.0133871422829231;0.0690246354708465;0.0145255032051682;0;0;0.0276952406867126;0;0.0261660784634763;0;0.037719273148424;0;0.0630318055032556;0.0413334043273839;0;0;0;0.0024482143886822;0.0275694968208529;0;0.0862790325391809;0;0;0;0;0.0295005804597432;0.00567970862077594;0.0571401500521586;0.0185484971782521;0;0.077369807105503;0;0.0141961161005974;0.0617433929952736;0;0;0;0;0;0;0.0843741135258212;
1;53;0.048888804;26.72647;17.4965;16.641117;0;0;0.0526670057680185;0.0636429781288658;0.00982247719033366;0;0.00227634783822148;0.0327987350338647;0;0;0.0305896042006429;0.0396171707605933;0;0.0171398415400977;0.0663114053181614;0.0173962296494452;0;0;0.0267209478207921;0;0.0235234529126723;0;0.0381451805704387;0;0.0716292175166058;0.0378418528190997;0;0;0;0.00208070846252338;0.0334949409129872;0.00312702717971932;0.088133588875693;0;0;0;0;0.0293372016272227;0.00564825350534914;0.0550186442765918;0.0185281967403657;0;0.0798560673618193;0;0.014916128369884;0.0582670881886374;0;0;0;0;0;0;0.0814697074313538;
1;53;0.048857001;26.831974;18.132687;17.246778;0;0;0.0558177264264205;0.0529955979607248;0.0109864209391552;0;0.0145806160724873;0.0382284637802376;0;0.0253075496316513;0;0.0101518818215202;0.0189747760039892;0;0.0865276571898624;0;0;0.0158127077996802;0.0287426821900415;0;0;0;0.0643705189263153;0.00489059370639625;0.0589797621692064;0.0395786308319872;0;0.00406001618179569;0.00570762162413503;0;0.0444676188869899;0;0.0818543681510599;0;0;0.0125269718363396;0;0;0;0.0636177949130328;0.0146831091069086;0;0.0910204407004081;0;0.0146201259167902;0.0556597240114393;0;0;0;0;0;0;0.0858366232214253;
1;53;0.048695688;26.794872;17.307712;16.464901;0;0;0.0436828403045053;0.0640512423549068;0.0344663101953927;0;0;0.0293135551196566;0;0.0189449936825311;0.0249436091685705;0.0312971386137352;0.0168010277054688;0.00263367470321317;0.072374888099709;0;0;0;0.0234289425132134;0;0.0223331886159035;0;0.0433472769207419;0;0.0664534513764511;0.02675956960551;0;0;0;0;0.0474573763659498;0.000686832104006761;0.0881354010313333;0;0;0.00862821642783067;0;0;0;0.0506225269426862;0.017110673278823;0;0.092683696381031;0;0.0300167774818871;0.0385798839205266;0;0;0;0.0216512881489559;0.00519229833115654;0;0.078403320606304;
1;53;0.048600295;25.942063;16.976322;16.151268;0;0;0.0538892118702071;0.0651198958897344;0.0365309990718188;0;0.00222480085087672;0.0320560207828495;0;0;0.0280083336179774;0.0362741187622087;0;0.0170430809102771;0.0641136200190812;0.0168196594862956;0;0;0.0263276986153714;0;0.0357693342243849;0;0.032236002987498;0;0.0662910865552225;0.0350217080070624;0;0;0;0.00227246395219772;0.0328853326771794;0.00307011525599615;0.0865295567393326;0;0;0;0;0.028803264285044;0.00554545523907555;0.0507687881631415;0.0170886184537553;0;0.07365152073275;0;0.0128587770369649;0.0559189314918239;0;0;0;0;0.00119626013979278;0;0.0816853441820806;
1;53;0.048593312;25.921326;17.236321;16.398751;0;0;0.0452641318608134;0.048773569803398;0.0342502752715091;0;0.0140045319265156;0.0377684929310064;0;0.0248845559853403;0.013558624370138;0.0273213474507628;0.0173739672525867;0;0.0799229009734999;0;0;0.0146057055124427;0.0291340851348092;0;0;0;0.0574934516345911;0.00514598347499417;0.0665871128927269;0.0363306476726231;0;0.00363777683987897;0.00738142179164186;0;0.0429050081905814;0;0.0738290228278562;0;0;0.0214308650277946;0;0.00392937518615743;0;0.0527462411482466;0.0116268054714852;0;0.0828493260108804;0;0.0132563045793871;0.0504675717910819;0;0;0;0;0;0;0.083520896987251;
1;53;0.048398197;26.094352;17.454237;16.609484;0;0;0.0538018518516434;0.0525019316149666;0.0162630629540855;0;0.0144553333727162;0.0494112498460057;0;0.0148886689295612;0.0180499740847254;0.0232622857604155;0.0139491404266532;0;0.0783177503295779;0;0;0.0117748404895387;0.0343688642561519;0;0;0;0.0509239542464693;0;0.0708325110843808;0.0386469827595557;0;0.00364867310885551;0.00619123933444912;0;0.0493398151787502;0.00803535856034354;0.0783444849426384;0;0;0.00207944552244916;0.0140367025932981;0;0;0.0430280451762352;0.0114154593754971;0;0.090437811363252;0;0.0139215397159534;0.0521444332448425;0;0;0.0136636316466762;0;0;0;0.0722649582303121;
1;53;0.048358511;25.895045;17.227324;16.394236;0;0;0.0453791639807789;0.0488975206426635;0.0343373172982069;0;0.0140401223803784;0.0378644759893607;0;0.0250665867947482;0.0136578058612607;0.0275212034173915;0.0175010580201888;0;0.0798072951434273;0;0;0.0145845788430026;0.0290919436452688;0;0;0;0.0574102892603655;0.00513853998027714;0.0664907968385756;0.0362780965936444;0;0.00363251491612407;0.00737074480941343;0;0.0428429475167854;0;0.0737222315907577;0;0;0.0213998659910913;0;0.00392369147504924;0;0.052669945456813;0.0116099876823253;0;0.0827294872038829;0;0.013237129773719;0.0503945721194284;0;0;0;0;0;0;0.0834000867750715;
1;53;0.048338333;27.156195;17.238674;16.405386;0;0;0.0525389393073912;0.0466557795305203;0.0128990529139609;0;0.0137113383007607;0.0468681243824326;0;0.014122370704127;0.0101957383340818;0.0218223591384238;0.0138770956933376;0;0.074722512394836;0;0;0.0121918296916526;0.028403231203248;0;0;0;0.0638337444068211;0.00458489880995814;0.066442200222804;0.0369233343872279;0;0.00353013133722938;0.00639635964955377;0;0.0419426565327652;0;0.0773480828818646;0;0;0.0140805759653776;0.016167018867855;0;0;0.0514160026391889;0.0114939885060062;0;0.0872203338048444;0;0.013426257477923;0.0503645745199793;0;0;0.0131468240494824;0.0162459610735107;0;0;0.077428683272836;
1;53;0.047968144;25.624922;17.339412;16.507673;0;0;0.0550672272161011;0.0665434133994336;0.0373295647960883;0;0.00227343488082326;0.0327567637163599;0;0;0.0286205943222974;0.0370670690963792;0;0.017415641765351;0.0655151403910103;0.0171873363607559;0;0;0.0269032207266556;0;0.036551249995026;0;0.032940680322565;0;0.0677402062314599;0.0355445624367982;0;0;0;0.00230639056261838;0.0333762922231882;0.00311595035236191;0.0880251584871943;0;0;0.00986050265853424;0;0;0.00573027062701813;0.054965554158678;0.0185012370218204;0;0.0732268372836644;0;0.01314111633057;0.0571467396707173;0;0;0;0;0;0;0.0811478449665301;
1;53;0.04758077;26.248063;17.266604;16.445045;0;0;0.042406475651124;0.0512255179653423;0.015867679491025;0;0.0161908024170928;0.0553434336525411;0;0.0166761630933412;0.0105578814024467;0.0251301177154257;0.0136502674347319;0;0.0732262993037014;0;0;0.0133672849088545;0.0311416820467756;0;0;0;0.0629431465251508;0.00576659377817245;0.0746175794733;0.0407121569363689;0;0.0037640824016744;0.00623065521316142;0;0.0456744006041084;0.00811491059353383;0.0721461426331687;0;0;0.00211963228354688;0.0150766883052491;0;0;0.0525057363761468;0.0117375972348896;0;0.0890689205369337;0;0.0125243069063361;0.046981177705884;0;0;0.0130661909686984;0;0;0;0.0721664764412743;
1;53;0.047571833;26.083229;16.999269;16.190582;0.0191032618436438;0;0.0460726230603817;0.0485883891861612;0.0131659229900979;0.00675727748564225;0.0127916832702391;0.0530565038485943;0;0.0159870621128513;0.0101216032019039;0.0240916780779266;0.0130862040695218;0;0.0702004045360991;0;0;0.0127983397016602;0.0298162138709049;0;0;0;0.0572859070852999;0.00524830062702787;0.0679110587985846;0.0370530068522562;0;0.00342577209160605;0.00567065288798492;0;0.0415692511993855;0.00771285703333438;0.0752001055304437;0;0;0.0022093568081515;0.01504154795457;0;0;0.0523833573794092;0.011710239550323;0;0.0870618103332516;0;0.0134018551756954;0.0502730366084636;0;0;0.0139817077599628;0;0;0;0.0772230090686217;
1;53;0.04754256;26.565907;17.799863;16.953612;0;0;0.046825181592823;0.0558808459972064;0.0114522253839872;0;0.0175627767567951;0.0369831546405919;0;0.0244831449932775;0.0133399111705683;0.0268806287499282;0.0170937090299751;0;0.0779497262438297;0;0;0.014245112882857;0.0258932725210735;0;0;0;0.057989138865387;0.00519035023722395;0.0625947770238981;0.036365751280836;0;0.0037304357315975;0;0;0.0466619055863946;0;0.0802937241598163;0;0;0.0241813543013459;0;0.00443368074205859;0;0.0595158218586027;0.0131190179273759;0;0.0929043351099125;0;0.0116799647578941;0.0444663485518363;0;0;0;0;0;0;0.0882837039029071;
1;53;0.047532721;26.377209;17.737754;16.894631;0;0;0.0507536767004536;0.0535250487674276;0.0139559139865078;0;0.0164058527603104;0.0488380876142094;0;0.0171186560267566;0.0109619977373514;0.0220890070231813;0.0140466602298634;0;0.0851590591851905;0;0;0;0.0295695953683219;0;0;0;0.0596190797655905;0.0053362390071481;0.0690489487419013;0.0376738518900559;0;0.0037722714747513;0.00765432518082794;0;0.0443268132010662;0;0.0773081031779471;0;0;0.0250908103047302;0;0;0;0.0594242152639313;0.0131135352324999;0;0.0908878656254584;0;0.0138981936888472;0.0521349015454255;0;0;0;0;0;0;0.0782872905002454;
1;53;0.04752343;26.174598;17.213896;16.395833;0;0;0.0455509121302267;0.0569158685067066;0.0151261447265232;0;0.0165469210238759;0.0565607189963566;0;0.0170429572653841;0.0123042749944253;0.0263353470899426;0.0167469579877325;0;0.0728496863498747;0;0;0;0.0273656504348899;0;0;0;0.0604124677037441;0.00553474332976429;0.0716175208727617;0.0390752925751078;0;0.00361274450165155;0.00598014680895994;0;0.0438380253246635;0.00813381074224931;0.0793043905180976;0;0;0.00232993948441379;0.0158624882847139;0;0;0.0526398961497211;0.0117675884986262;0;0.0892965045503476;0;0.0137458527119842;0.0515634401017376;0;0;0.0143405888969013;0;0;0;0.0675991194386167;
1;53;0.047166891;25.612406;17.457053;16.633658;0.0368960472164495;0;0.0528048224296514;0.0638095162233367;0.00820086456437096;0;0.00213669276269782;0.030786516276553;0;0;0.0292216773927107;0.0418194923210224;0;0.0196485267064969;0.0705101788577377;0.0150919090696864;0;0;0.0228731451460386;0;0.0225259434619072;0;0.0365276383558068;0;0.0677776415517881;0.0358070578592298;0;0;0;0.00251184004855127;0.0305545699829381;0;0.0900929308937226;0;0;0;0;0;0.00585520348807483;0.0561639275667738;0.0189046058371302;0;0.0814783812117872;0;0.0136398191937159;0.0607394531322629;0;0;0;0;0;0;0.0836215984495592;
1;53;0.047017795;24.979667;16.875589;16.082136;0;0;0.05161802513087;0.0567968814751621;0.028915733484523;0.0110958798380185;0.00378665270891546;0.0593887554093375;0;0.0186367900730755;0.0359771678808815;0.0452479596831202;0.0114224604016525;0.00102521377119162;0.052704413933242;0;0;0;0.0276966259033117;0;0.00840520209514484;0;0.0570628410161135;0;0.0686546353466174;0.0386844013781593;0.00722903122113339;0.00281387298644752;0;0;0.0430177606273856;0;0.0723371720959244;0;0;0;0.0089436589286301;0.000907619150689468;0;0.0424002747455821;0.00863986886078612;0;0.0799877652714884;0;0.0220862450221011;0.0436615444411401;0;0.00769302291403794;0.0149910427451548;0;0;0;0.0681714814601624;
1;53;0.046403951;25.970254;16.959829;16.172826;0;0;0.0538368579565672;0.0650566312531341;0.0364955088372392;0;0.0022226394343785;0.0320248780348771;0;0;0.0279811232389694;0.0362388780894445;0;0.0170265233850292;0.0640513329896532;0.0168033190172177;0;0;0.0263021209902437;0;0.0357345839548977;0;0.0322046853849959;0;0.0662266840950611;0.0349876840639968;0;0;0;0.00227025623051514;0.0328533842443252;0.00306713260801526;0.0864454924009686;0;0;0;0;0.0287752816228638;0.00554006777329892;0.0507194657726509;0.0170720166883239;0;0.073579967536441;0;0.0128462846051934;0.0558646056850705;0;0;0;0;0;0;0.0837725941066279;
1;53;0.046393839;25.590784;16.788546;16.009661;0.0364316557809789;0;0.0434736832837306;0.0525146669200113;0.0183248507076754;0;0.0171906319241526;0.0421592219317923;0;0.012703477439381;0.0154008017541081;0.0198481089037542;0.0119018423706711;0;0.0668231511575554;0;0;0.0116652680459308;0.0340490399286868;0;0;0;0.0573753895951861;0.00525649864878642;0.0680171381521204;0.0371108848927843;0;0.00333134301201533;0.00586582476365997;0;0.0441996948779441;0.00789318050106371;0.0769582534831744;0;0;0.00215077171685622;0.0146426941085594;0;0;0.0490106279148845;0.0112593199170542;0;0.0873825605279568;0;0.0134512298399777;0.050458250839811;0;0;0.0132217939693296;0;0;0;0.0699281430904075;
1;53;0.046393839;26.539444;17.423306;16.614972;0;0;0.0451173842982216;0.054500199425475;0.0190176968946897;0;0.017840594315171;0.0437532243402648;0;0.013183784539619;0.0159830922700045;0.0205985481183914;0.0123518403671902;0;0.0693496746322815;0;0;0.0121063213791914;0.0353364036219805;0;0;0;0.059544701670009;0.00545524215311043;0.0705888052053524;0.038514014200895;0;0.00345729810656597;0.00608760634245852;0;0.0458708457403385;0.00819161458387385;0.0798679760962359;0;0;0.00223209046847573;0.015196321253608;0;0;0.0508636758450258;0.0116850247152733;0;0.0906864168506708;0;0.0139598087885297;0.0523660320957386;0;0;0.0137216981531766;0;0;0;0.0725720635281815;
1;53;0.046129914;25.776808;16.827578;16.051324;0.00589326943832933;0;0.0474971945803116;0.080328890266425;0.0378735673765459;0;0;0.0206157816112374;0;0;0.0320723075502785;0.0306924714442262;0;0.0184194482388312;0.0835284282240555;0;0;0;0.0266488997685662;0;0.0273910118085084;0.0125236727242323;0.0158890023373448;0.00567315998704678;0.0595356615643536;0.0412990941091956;0;0;0;0.00197774818670778;0.0298074745261363;0.00489261230108998;0.0864124573237063;0;0;0;0.0103972294664412;0.0400345314665471;0;0.0551587623711014;0.017587520022646;0;0.0531975030511828;0.00677361743370894;0.011269381230129;0.0511224209186999;0;0;0;0;0;0;0.085486880672415;
1;53;0.046092226;26.021987;17.473767;16.668362;0;0;0.0534483683399513;0.0489992855650264;0.031963864581052;0;0.0142654838029612;0.0358100792544846;0;0.0237065596790927;0.0129167801099779;0.0260279972138662;0.0165515105746186;0;0.0754772247468895;0;0;0.0137932695650655;0.0275135144586921;0;0;0;0.061246237092964;0.00465322428129209;0.0561171256307071;0.0371519024336709;0;0.00381107991596548;0.00707611365613102;0;0.0483997224742179;0;0.0783562977296153;0;0;0.0235978766331755;0;0;0;0.0555726687824044;0.0122498323178764;0;0.0891199929581337;0;0.0121128552516939;0.046114389447599;0;0;0;0;0;0;0.0839467435028752;
1;53;0.045969117;26.092004;16.969545;16.18947;0.0143779669200206;0;0.0464327104433035;0.0530706040768482;0.0168798976625723;0;0.0139004717756447;0.0486361644744341;0;0.014528823408137;0.0176137227067856;0.0265740216987742;0.0136820691372927;0;0.071245500275429;0;0;0.0113003331922984;0.0245022522562648;0;0;0;0.0555804647532039;0.00550873469493135;0.0712809788080188;0.0360406839528396;0;0.00361240490719619;0.00612969775207004;0;0.0416280303658436;0.00777735301138488;0.0758289392213478;0.000535649406127094;0;0.00205245367303012;0.0145008377768796;0;0;0.051577609057502;0.0118490381707352;0;0.0919593104006261;0;0.0138652406609935;0.0488144848313307;0;0;0.014062404953625;0.00506323761120755;0;0;0.069587907963302;
1;53;0.04589926;26.056104;17.422143;16.622479;0.0386995325280419;0;0.0495979149363537;0.0454693468271832;0.00942616751757555;0;0.00605750869799667;0.0351075994175182;0;0.00986060111577632;0.0129627025005294;0.0273516853660106;0.0173932594908987;0;0.0793157186322728;0;0;0.0144947444942577;0.0289127505510266;0;0;0;0.057056668082649;0.00532466575774898;0.0688991951976041;0.0360289650099671;0;0.00383164314914277;0;0;0.043768475313249;0;0.0793284551411658;0;0;0.0238906527255958;0;0;0;0.0587056303801903;0.0129404281642176;0;0.0941442165855077;0;0.012795728886784;0.0487141316304041;0;0;0;0;0;0;0.0799216119003326;
1;53;0.045874596;26.477268;17.303916;16.510106;0;0;0.0497504460452746;0.0568914861171348;0.0151196647840551;0;0.0154260377351881;0.0527293134661248;0;0.0158884726358252;0.0114707872294948;0.0245513988610052;0.0156125242572686;0;0.0758213925232429;0;0;0;0.0275087691582487;0;0;0;0.0574738351948767;0.00500467634851724;0.0647586512140238;0.0397621227004987;0;0.00357582859257427;0.00647915999103139;0;0.042485600718781;0;0.0783493473551192;0;0;0.0142628478453236;0.0163762995769262;0;0;0.0543449863333763;0.0121487594564342;0;0.0921889607381498;0;0.0141911028024956;0.0532336621573227;0;0;0.0148051034408965;0;0;0;0.0697887627207898;
1;53;0.045706744;26.528179;17.477834;16.678979;0.00671379627341784;0;0.043075706161451;0.0514409859847454;0.0121154749322841;0;0.0185799156411792;0.0373755089550618;0;0.0247428866963111;0.0134814342978754;0.0271658053598792;0.0172750562015018;0;0.0787766949462223;0;0;0.00517667940643945;0.0297425408985554;0;0;0;0.0558296047830929;0.00499705993397686;0.0624758291445901;0.0362966460103971;0;0.00341524040808762;0.00692987257920762;0;0.051259312777402;0;0.0795593667768902;0;0;0.0239601943508496;0;0;0;0.0588765124818674;0.0129780955488787;0;0.0931016347581945;0;0.0124125101889601;0.0472551943354522;0;0;0;0;0;0;0.084990440167229;
1;53;0.04565561;26.628275;17.534852;16.734287;0;0;0.0497443705945561;0.0524606301469153;0;0;0.0164593722585308;0.0562614596291294;0;0.0169527840020767;0.0114716432588114;0.0245532310558465;0.014850591390845;0;0.0796653878924052;0;0;0.0131278824788039;0.0305839476670046;0;0;0;0.058262486546139;0.00533777084505256;0.0690687701548486;0.0376846666669531;0;0.00348417281933123;0.0057673231411365;0;0.0416736895846223;0.0077322347779625;0.075389037911101;0;0;0.00221490758548806;0.0150793382667482;0;0;0.0525149650725992;0.0117396602994124;0;0.0890845757793455;0;0.0137132294678125;0.051441063794351;0;0;0.0143065541561724;0;0;0;0.0793742527559992;
1;53;0.045586106;26.120077;17.621919;16.818604;0;0;0.0554998635391648;0.0549095747996335;0.0143169099437745;0;0.0173797447380097;0.0391638551661858;0;0.018270830736688;0.0116997972785982;0.0235757122423193;0.0149920736227461;0;0.0869715094820374;0;0;0.0141320974278208;0.0276166169612853;0;0;0;0.0567519318944628;0.00494181483316425;0.067016214949716;0.0365647703875271;0;0;0.00742898930338246;0;0.0426472894431433;0;0.0786475238152408;0;0;0.013970776841831;0.0183178475260854;0;0;0.0544270545782577;0.00977378965251226;0;0.0875526174415891;0;0.0128507677892442;0.0500940867536344;0;0;0;0;0;0;0.0804859388519455;
1;53;0.045568536;26.619034;17.522898;16.724405;0;0;0.0497621391472281;0.0524793689400456;0;0;0.0164652515011351;0.0562815560681208;0;0.0169588394900018;0.0114757408983039;0.0245620014026027;0.014855895981338;0;0.0796938441503492;0;0;0.0131325717224009;0.0305948721691853;0;0;0;0.0582832977464542;0.00533967748215095;0.0690934413300151;0.0376981275264754;0;0.00348541735630132;0.00576938321313631;0;0.0416885753121844;0.00773499671100703;0.0754159666685664;0;0;0.00221569874439963;0.0150847245649976;0;0;0.0525337232740159;0.0117438536738564;0;0.0891163965453553;0;0.0137181277957477;0.051459438401178;0;0;0.0143116644180581;0;0;0;0.0790454077653894;
1;53;0.045516753;26.722166;17.650555;16.847159;0;0;0.0514880097887036;0.0472021087484869;0.0125493514233714;0;0.0169867375289893;0.0357701489675143;0;0.0233465487443328;0.0127206241875485;0.0256327326232324;0.0163001571570701;0;0.0743310176800677;0;0;0.0128306960801938;0.0294476911204206;0;0;0;0.0581123243564439;0.00520137602334942;0.0673038718735262;0.0367217191107189;0;0.00351126425159727;0.00712471479251472;0;0.0454672832262846;0;0.0782380713301173;0;0;0.0235622714288592;0;0.004320171143908;0;0.0594110110518734;0.0130959145775519;0;0.0938423988376926;0;0.0130975843471917;0.0498633140460184;0;0;0;0;0;0;0.0825208855524208;
1;53;0.045474483;26.479494;17.458665;16.664741;0.00672595100460958;0;0.0431536908973537;0.0515341153159642;0.0121374089223941;0;0.0186135529264031;0.0374431739907588;0;0.024787681492646;0.0135058412359617;0.0272149866350192;0.0173063311547325;0;0.0789193131479446;0;0;0.00518605132421721;0.0297963871242761;0;0;0;0.0559306793184294;0.0050061066666707;0.06258893607818;0.0363623578606605;0;0.00342142339717828;0.00694241849733843;0;0.0513521132054324;0;0.0797034019363702;0;0;0.0240035721522866;0;0;0;0.0589831031726748;0.0130015912369147;0;0.0942732302801546;0;0.0121935711857526;0.0464216800030019;0;0;0;0;0;0;0.0834913298366744;
1;53;0.045385098;26.83693;16.929449;16.161105;0;0;0.0422139882229035;0.059619573763301;0.0429887982533112;0;0;0.01844991502422;0;0.013964640641788;0.0237423153670118;0.0307491184252393;0.0180223236721926;0;0.0667111039441081;0.0161768609186306;0;0;0.0292352031603934;0;0.0276210136046059;0;0.0377136116307164;0;0.0630223446718766;0.0413272003424981;0;0;0;0.00240470486885225;0.0270795333706853;0;0.0847456867282394;0;0;0;0;0.0281642143631581;0.005422419783709;0.0545517210079338;0.017708256668224;0;0.077897500253736;0;0.0133505539634218;0.0639474861378745;0;0;0;0.0117679364226314;0;0;0.0814019747887381;
1;53;0.045222801;25.962198;17.374666;16.588935;0;0;0.0507607293480609;0.0502208453729694;0.00984154424425382;0;0.0172607433112594;0.0590007077865234;0;0.0178878001755761;0.0114545221741926;0.023081469894014;0.0146777790810961;0;0.0851482346371358;0;0;0.0150939155638306;0.0295658367839847;0;0;0;0.0580115212891077;0.00519235358855045;0.0671871249217636;0.0366580207134303;0;0.00367055660413147;0.00744793529063549;0;0.0431315927351178;0;0.0700259429969795;0;0;0.0313691048104893;0;0;0;0.0502747396084713;0.0125887207415297;0;0.0891489543539424;0;0.0130850743762259;0.0498156878124746;0;0;0;0;0;0;0.0783985417842537;
1;53;0.045128321;26.722877;17.748933;16.947954;0;0;0.0530721318386859;0.0486543672758799;0.0100864483087298;0;0.0133862184180871;0.0361009777655755;0;0.0238991368265692;0.0130217078895391;0.0262394322565642;0.0166859646133333;0;0.0767579838301016;0;0;0.014027325008173;0.0279803862027477;0;0;0;0.0623526808580116;0.00473728709458115;0.057130909443617;0.0383379500154236;0;0.00393274588250023;0.00730201346045586;0;0.0499448485656889;0;0.0808577657931479;0;0;0.0243512217563559;0;0;0;0.0584143891242642;0.012876230121775;0;0.0936771629196332;0;0.0127322487039234;0.0484724586463052;0;0;0;0;0;0;0.0849680073803306;
1;53;0.045050903;25.633929;16.776599;16.020798;0;0;0.0487133664977889;0.0617990567033481;0.0134900467158135;0;0.00426092717195061;0.0507268834133369;0;0.0196764005515283;0.0365802334901302;0.0234756369505168;0.0120171571711415;0;0.0772274762322821;0.0220998126102116;0;0;0.0274531246809045;0;0.00828987493577641;0;0.0542244708206655;0;0.0652396762019762;0.0389058094709042;0;0.00295717447279118;0.00545545176234042;0;0.0452085165949684;0.000509453858044113;0.0764019675174052;0;0;0;0.0118679184401585;0.00116710355309207;0;0.0441237635444281;0.0085151802053402;0;0.0774204178795759;0;0.0221498522280604;0.0448636608958265;0;0.00752109804004621;0.0177139026360932;0;0;0.000170879402862541;0.0697737053506918;
1;53;0.045030166;26.640103;18.004812;17.194053;0;0;0.0558242347544037;0.0530017772294853;0.0109877019521131;0;0.014732260178858;0.0386260547461514;0;0.0236411237852847;0.0128811266426229;0.0259561535855719;0.0165058243635874;0;0.0768231067191235;0;0;0.0140392260493963;0.0274999196990722;0;0;0;0.0539579579203939;0.00482953713698621;0.0624924149334704;0.0340965362594549;0;0.00341407593507356;0.00692750974419598;0;0.0402666140352005;0;0.083095736448057;0;0;0.0180854148238706;0;0;0;0.0597364534721896;0.0131676515512359;0;0.0932487415672949;0;0.0143600007854637;0.0546694115407756;0;0;0;0;0;0;0.0871334341406667;
1;53;0.044828165;26.547757;17.248156;16.474952;0;0;0.046257465248016;0.0567837557654323;0.0150910340184348;0;0.0165085124191499;0.0564294306258001;0;0.0170033972645825;0.010888191342259;0.0233044448624576;0.0148195714947707;0;0.0719704596653002;0;0;0;0.0283762148295337;0;0;0;0.0582455901732976;0.00507187882202987;0.0656282262354363;0.0402960459377881;0;0.00362384458992231;0.00656616173647101;0;0.0430560946444907;0;0.0794014173739775;0;0;0.0144543684528098;0.0143607498197189;0;0;0.0555166853273764;0.0122512347163303;0;0.0910617673115047;0;0.014017588341895;0.0525827747454294;0;0;0.0147369647370595;0;0;0;0.071696129498726;
1;53;0.044754735;26.320971;17.439809;16.659294;0;0;0.0485664683157128;0.051218409267225;0.0133544897336765;0;0.0156988494248091;0.0536618389367735;0;0.0166950517195056;0.010690741077345;0.0215424104619039;0.0136990730263726;0;0.0794705982367003;0;0;0;0.0313151503840627;0;0;0;0.0643523891558685;0.00560364344726487;0.0725090627761952;0.0395617274627594;0;0.00360142557870511;0.00730766135959972;0;0.0444249177499369;0;0.0774792022495614;0;0;0.0143664445568953;0.0188366290482295;0;0;0.0602826534995061;0.0133029724845888;0;0.0856109716382755;0;0.0131785203978067;0.049435263231752;0;0;0;0;0;0;0.0742334347789681;
1;53;0.044744423;25.524244;16.980336;16.220561;0;0;0.043965589535453;0.0779088025988053;0.0175313360838033;0;0.00224007418681569;0.0389594512929501;0;0.0271518913463169;0.0277933586185797;0.0384773229011696;0;0.0186665039187503;0.0693814976276866;0;0;0;0.0219207619909112;0;0.0197817935521514;0.0110212752453697;0.0365207667413655;0;0.0702743538031165;0.0304155917563758;0;0.00489623658960472;0;0;0.0296201865315556;0.0136464607241986;0.0891633731735541;0;0;0;0;0.0278413251338582;0.00529496400781276;0.0470153537954789;0.0185341109303748;0;0.0724900192598112;0;0.0127860588462754;0.0549086293377229;0;0;0;0;0;0;0.0717929104701323;
1;53;0.044718452;26.288051;17.015791;16.254871;0.0187687087473886;0;0.0452657588283148;0.0477374666485691;0.0129353497855088;0.00663893810865104;0.0125676640802494;0.0521273317635178;0;0.0157070826426616;0.00994434479870664;0.0236697634561766;0.0128570269726722;0;0.068970993407877;0;0;0.0125742039383983;0.0292940461515509;0;0;0;0.0576702532895647;0.0052835128550866;0.0683666919377784;0.0378155047712984;0;0.00334765370642315;0.00568045552094487;0;0.0416411103168411;0.00772618994368242;0.0753301009732306;0;0;0.00221317603572471;0.0150675496825299;0;0;0.0524739104137323;0.0117304825774404;0;0.0890149320718067;0;0.0137025088673706;0.0514008486799944;0;0;0.0142953697118977;0;0;0;0.0781810693144099;
1;53;0.044670279;26.42383;17.071212;16.308636;0.0134483364080211;0;0.0434305290762824;0.0496392390504492;0.0157885008055726;0;0.0130017144780582;0.0454915152529158;0;0.01358943902794;0.0164748792145721;0.0248558357038324;0.0127974330125842;0;0.0666390081846397;0;0;0.012317335737172;0.0359523205706627;0;0;0;0.0605825716059288;0.00555032755391155;0.0718191749390215;0.0363128036260886;0;0.00363967981807956;0.00617597909766246;0;0.0419423364438297;0.00783607472607181;0.0764014740320282;0.000539693745062562;0;0.00206795041065016;0.0146103241352085;0;0;0.0519670379080216;0.0119385025216214;0;0.0926536351124204;0;0.0139699280404874;0.0491830511348866;0;0;0.0141685809919622;0.00510146681257751;0;0;0.070113320821777;
1;53;0.044665874;24.399719;16.765193;16.016361;0.0255345093398054;0;0.050810284851273;0.0585406339916895;0.0252353270603346;0.0202948314643018;0;0.0568669385759706;0;0;0.0470895184457135;0.0172789365608624;0.0104697331334678;0;0.0686213725701595;0;0;0;0.0297839089626052;0;0.00853762609654585;0;0.0598281388235563;0;0.069784522020228;0.0392999209012052;0;0.00302130537818083;0.00557376167744606;0;0.0430106339462626;0;0.07510019591571;0;0;0;0.0104403487540027;0.000972429809544711;0;0.0454279650932538;0.00836153503646796;0;0.0774109552567296;0;0.0205309454530572;0.0405902639327782;0;0.00612675150499037;0.0119389211141766;0;0;0;0.0635177843296808;
1;53;0.04462291;25.832177;16.86807;16.115367;0;0;0.0490130800049975;0.0534512444578821;0.013038885525084;0;0.00411842470201808;0.0430802177869317;0;0.0330113434236472;0.0309407234834874;0.0400399456764878;0.0219218696870037;0.00487662063597059;0.0600960194184544;0.0115338078098204;0;0;0.0267635816420608;0;0.00831193753366208;0;0.0527513439662531;0;0.0634672970983764;0.0404399988569847;0;0.0030737859956111;0.00549521901571438;0;0.0455380619034804;0.0005131674974525;0.0784210720301211;0;0;0;0.0106401763863909;0.00104636611118448;0;0.0462378208866648;0.00892315943892126;0;0.0810875035729596;0;0.0226075269032178;0.0439358791125859;0;0.00660760667962553;0.0155624219704715;0;0;0.000139559602468027;0.0733143311840087;
1;53;0.044596831;25.244569;16.997437;16.239405;0;0;0.0558745642290199;0.059982794112423;0.0320407649347635;0;0.00435864853037732;0.0531933999546728;0;0.0194880293888887;0.0362300342199883;0.0208333652228037;0.0115027434232323;0.00110775566892732;0.0706947731167743;0;0.00479516973323978;0;0.0275855020361532;0;0.00837147890574546;0;0.0560060401568177;0;0.0673831550568706;0.0401840773101751;0;0.00305433376789616;0.00563469307954547;0;0.0451308764548324;0.00050857893287712;0.0768887601123633;0;0;0;0.00935421651291852;0.000960892319709404;0;0.0439630505882998;0.00848416517686496;0;0.0785462631003248;0;0.0216882170231422;0.0439286368117926;0;0.00763018685491271;0.0154011319488874;0;0;0;0.06919370131476;
1;53;0.044558055;25.947777;16.911934;16.158371;0;0;0.0502148937225467;0.0547618831445962;0.0111048625791021;0;0;0.0522082161939057;0;0.0201692900216647;0.0374965602265776;0.0240636964498827;0.0245164424490095;0.000956606528104509;0.0610487342681432;0.026832044464836;0;0;0.0267791132871489;0;0.00812676099583495;0;0.0531575346913123;0;0.0639560017547437;0.0381402876845594;0;0.00289898826575088;0.00547168285291668;0;0.0439641556636419;0.000513084452070318;0.0784083812265722;0;0;0;0.0111039806169822;0.00104516948422078;0;0.0478189261852374;0.0092282874574641;0;0.0838602960421697;0;0.0245237871771703;0.0495301012085055;0;0.00744893317712399;0.00899701239904163;0;0;0.000152867902877956;0.0715014174262862;
1;53;0.044459152;27.0714;17.361479;16.589602;0;0;0.0465776223497104;0.0597673469851597;0.0322073977830286;0;0;0.0172918000807892;0;0.0167051261333474;0.0241689189217711;0.0313016206990549;0;0.0136439864328377;0.07034893407364;0.0148041878149203;0;0;0.0282265983432255;0;0.0232460917449294;0;0.0380116801325095;0;0.0635204400555744;0.0382650875621942;0;0;0;0.00254064992102791;0.0286104191873417;0;0.0895366101189471;0;0;0;0;0.0306144134115917;0.00589415343915337;0.0592975510595223;0.019248819919108;0;0.0852745291517775;0;0.0142158628592651;0.0618292778860538;0;0;0;0;0;0;0.0848508739335195;
1;53;0.044444521;26.253747;17.175025;16.411689;0.013547747387558;0;0.0437515703788114;0.0500061755419046;0.015905210432911;0;0.0130978239991698;0.0458277914996353;0;0.013689893047243;0.0165966625958605;0.0250395716619136;0.0128920324717842;0;0.0671316080778913;0;0;0.0124083862860107;0.0362180824683516;0;0;0;0.0610304019251212;0.00559135593706204;0.0723500669626596;0.0365812302380261;0;0.00366658456859578;0.00622163233781578;0;0.042252376929392;0.00789399950134577;0.07696623870932;0.000543683196413184;0;0.00208323683491256;0.0147183246037845;0;0;0.0523511816404007;0.0120267527106314;0;0.0933385368240319;0;0.0140731946593784;0.0495466154555275;0;0;0.0124592309465826;0;0;0;0.070192800169954;
1;53;0.044384356;27.213034;18.079462;17.277017;0;0;0.0506793191175395;0.0464607341029952;0.0123522464378246;0;0;0.0400854922359935;0;0.025659382452921;0;0.0296982707100979;0.0186378495696074;0;0.08180567753632;0;0;0.00338495301125628;0.0312859969951398;0.00720008274337632;0;0;0.0601556671762095;0.00538426656279888;0.0649333762717109;0.0377244096647302;0;0.00386980828967206;0;0;0.0555128913164794;0;0.0820381954768283;0;0;0.0238918186056121;0;0;0;0.0594030713070279;0.0130941644268908;0;0.0938298576489588;0;0.01312077916757;0.049951618162419;0;0;0;0;0;0;0.0898400710100205;
1;53;0.044335511;26.419706;17.065846;16.309223;0.0134504634268226;0;0.0434373981453703;0.0496470901029176;0.0157909979499808;0;0.0130037708581417;0.045498710292162;0;0.0135915883638457;0.0164774849181163;0.0248597669580979;0.0127994570830568;0;0.0666495479584096;0;0;0.0123192838743916;0.0359580068696584;0;0;0;0.0605921534802172;0.00555120540606392;0.0718305340194883;0.0363185469398863;0;0.00364025547793589;0.00617695590425473;0;0.0419489701370605;0.00783731409708148;0.0764135578591127;0.000539779104225804;0;0.00206827748228717;0.0146126349365738;0;0;0.0519752571303354;0.0119403907417369;0;0.0926682894174536;0;0.0139721375553817;0.0491908300356595;0;0;0.0141708219262493;0.00510227367191656;0;0;0.0699662478761081;
1;53;0.044256991;25.369097;17.077952;16.322133;0;0;0.0554010889647492;0.0594745061340566;0.0317692548146534;0;0.00432171379463021;0.0527426445984832;0;0.0193228898483422;0.0359230246662935;0.0206568254458834;0.0114052703680541;0.00109836866223958;0.0700957129389299;0;0.00475453596207761;0;0.0273517453519297;0;0.00830053986144281;0;0.0555314507791661;0;0.0668121571871212;0.0398435616052844;0;0.00302845166021657;0.00558694527458744;0;0.046298183755365;0.000521733295209052;0.0782434947619128;0;0;0;0.00967390776082093;0.000951342240584888;0;0.0435261123351142;0.00839984308677995;0;0.0794023931446061;0;0.0219246119000912;0.0444074454055364;0;0.00771335353849672;0.0155689995374516;0;0;0;0.0699478913198903;
1;53;0.044248581;25.996885;17.202853;16.441651;0;0;0.0429831653591245;0.0519221386711195;0.0160834655782162;0;0.0164109826837818;0.0560960542866019;0;0.0169029438261704;0.0107014590388712;0.0254718645836766;0.0138358987238262;0;0.0742221107337958;0;0;0.0135490678915826;0.0315651807518778;0;0;0;0.0637991163795865;0.00584501423710073;0.0756323110551503;0.0412658054425278;0;0.00381527051735206;0.00631538648781604;0;0.0462955311353079;0.00822526603686601;0.0731272649096526;0;0;0.00214845736518591;0.0146269377438544;0;0;0.050939445163282;0.0113874546280428;0;0.0864119181367211;0;0.0121506960742913;0.0455796888231531;0;0;0.0126764152696534;0;0;0;0.0700136884658116;
1;53;0.044135742;26.650914;17.73963;16.956679;0;0;0.0518962956010323;0.0475764085397021;0.012648864342226;0;0.0171214377040262;0.0360537964494863;0;0.0238679024169031;0.0130046894774631;0.0262051392533293;0.0166641572878978;0;0.0759909096614382;0;0;0.0138871441679227;0.0285065467039089;0;0;0;0.0562550619525789;0.0050351407153745;0.0651528487945227;0.035548097696244;0;0.00334480766206561;0.00678695732376018;0;0.0502021883215176;0;0.0812743836887592;0;0;0.023960724017465;0;0;0;0.0575007965174632;0.012674847742894;0;0.0908251279475008;0;0.0127006101951458;0.0483520088856998;0;0;0;0;0;0;0.0869631069336724;
1;53;0.044081921;26.204055;16.743566;16.005478;0.00649120127889772;0;0.0352510307218736;0.0722852477107867;0.0335160341744798;0.0128703299771631;0;0.018616970176832;0;0.0255571282625762;0.0257501178861885;0.0320821656704287;0;0.0170743716430425;0.0734428665159874;0.0167349191792918;0;0;0.0255022689618699;0;0;0;0.03578402225615;0;0.0643238483065557;0.0374725654361807;0;0;0;0;0.0265600375630461;0.00403977235807704;0.0839894118458425;0;0;0;0;0.0408171452711078;0.00524331538525174;0.0580121746317712;0.0184973382112732;0;0.0695009869539267;0.00831864771730912;0.013293347910702;0.0557570624775711;0;0;0;0;0;0;0.0832156715158169;
1;53;0.0440612;26.718197;18.234466;17.431034;0;0;0.0529630224173972;0.0502852269792321;0.0104245388649871;0;0.0132243404977059;0.0346724870348937;0;0.0229534645057324;0.0125064479113013;0.0252011560635965;0.0160257125299297;0;0.0743948846912331;0;0;0.0144628668173695;0.0283297437263746;0;0;0;0.0708694379509485;0.00538435347422774;0.0649344244093628;0.0376086702634009;0;0.00376574485805106;0.0076410820070827;0;0.0444143005714709;0;0.0846117155875338;0;0;0;0;0;0;0.0626382484666049;0.0138072915555989;0;0.0977784502424421;0;0.0143516915379039;0.054637777721166;0;0;0;0;0;0;0.0821129193144527;
1;53;0.043988321;25.153642;17.133002;16.37935;0.026755090817854;0;0.0514927268868467;0.0511068036630623;0;0.016992642277892;0.0027993014813714;0.0503297221161369;0;0.00476174009800446;0.0392019946900309;0.038659494591092;0;0.0273574869595791;0.0553018172480078;0;0;0;0.0329053557931627;0;0.00445858010940278;0;0.0574372557152161;0;0.0729328445567474;0.0410950173755912;0;0.00330571584390993;0.00639011031116154;0;0.0511028488740151;0;0.0756365251745578;0;0;0;0;0.00104736626710447;0;0.0493663085772252;0.0103670061322639;0;0.0793223266854625;0;0.0126373361335635;0.049232181638071;0;0;0.0120940659351521;0;0.000408427733495236;0;0.0755019063140203;
1;53;0.043974285;26.715853;17.149441;16.395307;0;0;0.0482404931333359;0.0681623333524908;0.0327712215335955;0;0;0.0174364556044358;0;0.0181379393309297;0.028050777189777;0.0353718548407603;0;0;0.0681732753405743;0.0165314247306708;0;0;0.0290839104167689;0;0.0239521334320393;0;0.0391661895040255;0;0.0654497139806241;0.0394272935483129;0;0;0;0.0026178157851345;0.0294793888556026;0;0.0871548150910996;0;0;0;0;0.030382574358346;0.00563678689912319;0.0563096184177099;0.0182788949167257;0;0.0756916469284613;0;0.013046249358055;0.0573059460543151;0;0;0;0.0120697966052477;0;0;0.0820714507918389;
1;53;0.043907952;26.53211;17.465491;16.698617;0.00671437112996904;0;0.0430793944401649;0.051445390525275;0.0121165122977107;0;0.018581506512542;0.0373787091647944;0;0.0247450052608213;0.0134825886210794;0.0271681313823774;0.0172765353466568;0;0.0787834400569357;0;0;0.00517712265016462;0.0297450875493307;0;0;0;0.0558343850910965;0.00499748779811256;0.0624811785234233;0.0362997538444593;0;0.00341553283181372;0.0069304659368981;0;0.0512637017624948;0;0.0795661789024505;0;0;0.0239622458987563;0;0;0;0.0588815536757812;0.0129792067746211;0;0.0921222167992572;0;0.0125209062581364;0.0476678648780052;0;0;0;0;0;0;0.0853835260868719;
1;53;0.043907952;26.708081;17.583554;16.811496;0;0;0.0433706007497283;0.0517931489493104;0.0121984169966242;0;0.0187071130120754;0.0376313802177091;0;0.024912275524384;0.0135737276662477;0.0273517813937206;0.0173933205560527;0;0.0793159970979952;0;0;0.00521211874982441;0.0299461571624357;0;0;0;0.0562118120591497;0.00503126960952585;0.0629035362109309;0.0365451314198054;0;0.00343862100944645;0.00697731421402145;0;0.0516102320143429;0;0.0801040270691982;0;0;0.024124224897944;0;0;0;0.0592795787680581;0.0130669430799944;0;0.0927449407518924;0;0.0126055445626252;0.0479900881403393;0;0;0;0;0;0;0.0859606981166181;
1;53;0.043897673;26.14408;16.963043;16.218405;0;0;0.0526593884048374;0.0636337732828476;0.0356973131017934;0;0.00217402793738946;0.0313244597672592;0;0;0.0276723939489263;0.0358390369891083;0;0.0168386615028714;0.0651461861721424;0.0170905443791841;0;0;0.0267776012890102;0;0.0355308106312089;0;0.0320210409975998;0;0.0658490322507868;0.0350257230682618;0;0;0;0.00227272447866433;0.0328891028137825;0.0030704672291392;0.0865394769141509;0;0;0;0;0.0288065664332095;0.00554609099739319;0.0507746085472145;0.0170905775771907;0;0.0736599645060552;0;0.0131484739399778;0.0571787356883194;0;0;0;0;0;0;0.0857432171516758;
1;53;0.043887749;26.506728;17.056297;16.307735;0.0131255658637022;0;0.0423881625645665;0.0510004060355082;0.0149860592287814;0;0.0129743172006899;0.0453956553058766;0;0.0135608032944792;0.016440163267209;0.0248034593633007;0.0127704661981353;0;0.0664985861353891;0;0;0.012291380586088;0.0358765616620688;0;0;0;0.0604549117099381;0.00553863187610415;0.0716678372166401;0.0362362851058087;0;0.00363201026667726;0.00616296504381251;0;0.0418539553440168;0.0078195625104628;0.0762404804662234;0.000538556499720623;0;0.00206359281526687;0.0145795371875758;0;0;0.0518575327074593;0.0119133456497721;0;0.0924583949120118;0;0.0139404905386882;0.0490794123650894;0;0;0.0141387248876764;0.00509071697635514;0;0;0.0726214692149054;
1;53;0.043875058;26.253202;17.448932;16.683359;0;0;0.0568746599916048;0.06872752094311;0.00883293158228462;0;0.00474664857505069;0.0325898021912731;0;0;0.0299499817171115;0.0428617773579945;0;0.0201382353148062;0.0722675341076172;0.015468051153907;0;0;0.0234432222945414;0;0.0230873671548061;0;0.0374380322602074;0;0.0694668926093667;0.0366994924286927;0;0;0;0.00247601533840611;0.0301187903982148;0;0.0881863019981609;0;0;0;0;0.0291821200984778;0.00561839585909241;0.0538924357990639;0.0181400286718351;0;0.0781830726358536;0;0.0130881708608115;0.0582829089811954;0;0;0;0;0;0;0.0802396096765146;
1;53;0.043751097;26.083649;17.060612;16.314192;0;0;0.0526977687846166;0.0570289008684296;0.0139116182903982;0;0;0.0470882640959929;0;0.0233454575934426;0.00313368161682282;0.0419482148849885;0.0229666470514505;0.00510903616111517;0.0629601437690785;0.0280945324832363;0;0;0.0280391108140879;0;0.00832017800949019;0;0.054422684683854;0;0.0654781553988673;0.0390480270099413;0;0.00296798422284504;0.00560190897346115;0;0.046422185700268;0.000523130670615146;0.0762862759880962;0;0;0;0.0103505271142235;0.00101788169781396;0;0.0465704467150208;0.0090574250043602;0;0.0756233278841394;0;0.0202617380920193;0.0537090692095146;0;0.00686979308288921;0.0161799307963359;0;0;0.000142432463872403;0.074823520868713;
1;53;0.043687286;26.519594;17.958168;17.173625;0;0;0.0561350113733161;0.0532968410704174;0.0110488710998376;0;0.014814275490442;0.0388410881406753;0;0.0237727352359316;0.0129528365908809;0.0261006529358412;0.0165977132056046;0;0.0772507852258788;0;0;0.0141173832014464;0.0276530132811346;0;0;0;0.0542583448723995;0.004856423438768;0.0628403136822153;0.0342863535727053;0;0.00343308228563941;0.00696607557613718;0;0.0404907805145077;0;0.0835583350332947;0;0;0.0181860973338113;0;0;0;0.0600690096302379;0.013240956599592;0;0.0937678624965762;0;0.0137630268774225;0.0523966949340435;0;0;0;0;0;0;0.0853054363012431;
1;53;0.043652587;26.493047;17.042752;16.298792;0.0134126386721138;0;0.0433152455564297;0.0495074749130495;0.0157465912551992;0;0.0129672022710685;0.0453707609790598;0;0.0135533667442887;0.0164311477172729;0.0247898575016376;0.0127634630574824;0;0.0664621192637259;0;0;0.0122846401691191;0.0358568874697907;0;0;0;0.0604217591027195;0.00553559456975594;0.071628535601763;0.0362164136463492;0;0.00363001852429637;0.00615958536210228;0;0.041831003234704;0.00781527437444211;0.0761986712793176;0.000538261163054085;0;0.00206246117053978;0.0145715419783175;0;0;0.051829094779679;0.0119068125417447;0;0.0924076920532386;0;0.0139328457734543;0.0490524979186923;0;0;0.0141309714135663;0.00508792530011901;0;0;0.0725816446419067;
1;53;0.043543564;26.945925;17.699603;16.928899;0;0;0.0502105256380955;0.0443158276485189;0.0117819925745722;0;0.0164346294783061;0.034607536830522;0;0.0250819682767889;0.0136661866311394;0.0275380911133339;0.0175117971053237;0;0.0798562668876466;0;0;0.00517710349143731;0.0297449774731244;0;0;0;0.0558341784674891;0.00499746930415126;0.064665394739503;0.0352821375012429;0;0.00331978281528912;0.0067361793465892;0;0.0498265906197907;0;0.0806663131495375;0;0;0.0242935636485085;0;0;0;0.0596956887092083;0.0131586658119879;0;0.094292060167921;0;0.0131854116559266;0.0501976780448424;0;0;0;0;0;0;0.0879219828692037;
1;53;0.043495651;26.367185;17.168584;16.421825;0.0128748233377856;0;0.0502481985083769;0.0775599126736101;0.0115562764096975;0;0;0.0227118337663648;0;0;0.0344613630564409;0.032978743418471;0;0.0175515371135477;0.0795926288888578;0;0;0;0.0232424598189854;0;0.0230639250817575;0.0129279518690111;0.0337867668493721;0;0.0577327340049091;0.0400484273156625;0;0;0;0.00191785573539769;0.0289048102088427;0.00474444857327489;0.0883763356343001;0;0;0;0;0.045895673291328;0;0.0633723542400801;0.0202064459238767;0;0.0611190473304301;0.00773380332366774;0.00417717451439741;0.0583692174357853;0;0;0;0;0;0;0.0848452516757693;
1;53;0.043385367;26.278152;17.26025;16.511408;0;0;0.0581530425093866;0.0702723224641587;0.0148680189475238;0;0.00261159648486532;0.0361933902963823;0;0;0.0308174979488086;0.0399123202328497;0;0.0222676471856154;0.0633196640944989;0.0154789811693817;0;0;0.0219718589465627;0;0.0204840721614352;0;0.0375559997391901;0;0.069506314383355;0.0371161260291066;0;0;0;0.00256717516340514;0.028192789126477;0;0.0859524393064921;0;0;0;0;0.0288533867239895;0.00555510524745288;0.0532853434349781;0.0179356832432479;0;0.0764916980744506;0;0.0141899407531296;0.0602781595723814;0;0;0;0.0118497739982055;0;0;0.0743196527626698;
1;53;0.043368557;27.065888;17.218536;16.471793;0;0;0.0454061005379021;0.0582640768074482;0.0322496222014855;0;0;0.0167671435455096;0;0.0158453092305789;0.0245051673522883;0.0317371023549275;0;0.0138338074603686;0.0713276588046629;0.0150101500647819;0;0;0.0286192989610095;0;0.0235695014055018;0;0.0385405150310522;0;0.0644041638308739;0.0387974479742606;0;0;0;0.00257599653918674;0.0290084596863529;0;0.0907822820798561;0;0;0;0;0.031040334343106;0.00597615544551361;0.0567021423048142;0.0235741125290592;0;0.0836439722414563;0;0.0139440375715512;0.060647023849355;0;0;0;0;0;0;0.0832284178470973;
1;53;0.043326187;26.210055;17.522388;16.76321;0;0;0.0489781234181404;0.0584501517956903;0.0119787791352688;0;0.0183702832172551;0.0386835768866876;0;0.025608838158329;0.0139532574882585;0.0281165541208064;0.0178796485579935;0;0.0815337214402968;0;0;0.0149000788282869;0.0270838009399425;0;0;0;0.0606553803668735;0.00460833354195677;0.0555757506385187;0.0334786006804826;0;0.00356041454159926;0;0;0.0445352069146588;0;0.0766341960206742;0;0;0.0230792464163983;0;0.00423160791998794;0;0.0568032832748621;0.0125210955397235;0;0.0892217839997472;0;0.0135309860650729;0.0515133012034917;0;0;0;0;0;0;0.0845139988889966;
1;53;0.043267631;26.502291;17.962247;17.185063;0;0;0.0561723988391545;0.0533323382365544;0.0110562299527298;0;0.0148241422065123;0.0388669573766558;0;0.0237885685332763;0.0129614635373035;0.0261180366905805;0.0166087677403822;0;0.0773022363794987;0;0;0.0141267857680311;0.0276714309506796;0;0;0;0.0542944824265879;0.00485965795072359;0.0628821670643309;0.0343091892298391;0;0.00343536881312973;0.00697071517460272;0;0.0405177484911095;0;0.0836139871890554;0;0;0.0181982097762277;0;0;0;0.0601090172474193;0.0132497754418871;0;0.0938303144792172;0;0.0137721934329219;0.0524315925780266;0;0;0;0;0;0;0.0846962244935627;
1;53;0.043251035;26.600499;18.271379;17.481123;0;0;0.0560465103950649;0.053212814676603;0.011031451741099;0;0.0133820245628509;0.0350859139808573;0;0.0256044969619044;0.01156341334941;0.0216838064863503;0.0137889884268778;0;0.0760398814781555;0;0;0.0167332226374228;0.0304158975411143;0;0;0;0.0681177593443076;0.00517529283124818;0.0624131871645372;0.0361484220043469;0;0.0036195306384443;0.00734439838014281;0;0.0426898071333259;0;0.0813264595676603;0;0;0;0;0;0;0.0632640683640321;0.0139452404605668;0;0.0987553565448898;0;0.0144950795531506;0.055183664767598;0;0;0;0;0;0;0.0829333110080393;
1;53;0.043165111;26.579234;18.284739;17.495476;0;0;0.0560925282393047;0.0532565058716496;0.0110405092832079;0;0.0133930120787123;0.0351147218069503;0;0.0256255199255952;0.0115729076667305;0.0217016103071837;0.0138003100866418;0;0.0761023151853963;0;0;0.016746961705699;0.0304408709788108;0;0;0;0.0681736884720512;0.00517954208455093;0.062464432466077;0.036178102218897;0;0.00362250250941302;0.00735042861071935;0;0.0427248582521456;0;0.0813932339006665;0;0;0;0;0;0;0.0633160122945896;0.0139566904134519;0;0.098836441140225;0;0.0145069809598291;0.0552289741592436;0;0;0;0;0;0;0.082180339382258;
1;53;0.043062806;25.911079;16.874166;16.147517;0.00582126002801481;0;0.0469168299780965;0.0793473576757574;0.0374107931420005;0;0;0.0203638789462509;0;0;0.0308703631452821;0.0341782770763406;0;0.0181582988033918;0.0823441689785548;0;0;0;0.0262710738402644;0;0.0270026642762068;0.0123461131133712;0.0156637293575958;0.00559272638726872;0.058691569808485;0.0407135589199254;0;0;0;0.00194970783415741;0.0293848665824322;0.00482324524276735;0.0851873085487583;0;0;0;0.0102498183947256;0.0394669251433277;0;0.0543767259351573;0.0173381655976307;0.00430151226459899;0.0583921178538887;0.00743504572208475;0.00401580984205103;0.0561144086854741;0;0;0;0;0;0;0.0852716788761387;
1;53;0.043056806;25.459838;17.351377;16.604282;0.0188923253469024;0.00806255932775199;0.0485248033567877;0.050090245575111;0;0.0170557891140584;0.00280970404438272;0.0505167538128438;0;0.00441875473030025;0.0370109405846131;0.0396068580452955;0.0148316229966183;0;0.0557798861774705;0;0;0;0.0428502734201433;0;0;0;0.0590329454299173;0;0.074959024054252;0.0422366961646481;0;0.00339419146389378;0.00626166902690146;0;0.0514833857789542;0;0.0761997518796137;0;0;0;0;0.00105516547060102;0;0.0430782622392507;0.0100043490882357;0;0.0892898894964115;0;0.0204311375387594;0.0462740025441244;0;0;0.011367378394202;0;0;0;0.0744816348979559;
1;53;0.043029468;25.438121;16.958662;16.22894;0;0;0.0442266747670425;0.0783714561873115;0.0176354441599118;0;0.00225337664207722;0.039190808076082;0;0.0273131301222585;0.0279584066834016;0.0387058166133372;0;0.0187773530748764;0.0697935126732608;0;0;0;0.0220509362312998;0;0.0198992657435945;0.0110867239799427;0.0367376416415599;0;0.0706916709852889;0.0305962116889538;0;0.00492531239815001;0;0;0.0297960830302044;0.0137274988587079;0.0865741236583944;0;0;0;0;0.027878306091705;0.0053019971802581;0.047077803151194;0.0185587293410198;0;0.0725863059966555;0;0.0128030422585572;0.0549815631401624;0;0;0;0;0;0;0.0705008056247926;
1;53;0.0430112;26.109773;17.521257;16.767647;0;0;0.0556409808376695;0.0550491911944071;0.014353312982005;0;0.0174239355246122;0.039263435545085;0;0.0183172872522645;0.0117295458884095;0.0236356572693843;0.0150301933728448;0;0.0871926484845923;0;0;0.0141680305506079;0.02768683663627;0;0;0;0.056896232777441;0.00495438018944616;0.0641078376157271;0.0349779283150916;0;0.0031841482615405;0.00646096294525191;0;0.0423662777784124;0;0.0781292992836736;0;0;0.0138787205515212;0.0181971475028294;0;0;0.0540684236450111;0.0119316372170075;0;0.0890351914256103;0;0.0137056274899284;0.0514125472563453;0;0;0;0;0;0;0.0772025822070102;
1;53;0.04293913;26.133173;17.213037;16.473925;0.00961377959181029;0;0.0455678308901551;0.0548261056141641;0.0161102102882326;0;0.0132666398747085;0.0464184589835246;0;0.0139868768788487;0.0169567048863719;0.0255827715180598;0.0131717077904622;0;0.0668997255055371;0;0;0.012280571724263;0.0358450123340624;0;0;0;0.0604017485373605;0.00553376128355931;0.0716048135599933;0.036204419442223;0;0.00362881632952393;0.00615754542173472;0;0.0418171495826969;0.00781268610059853;0.0761734356934202;0.000538082900945476;0;0.0020617781216735;0.0145667161540206;0;0;0.0518119299452883;0.0119028692263874;0;0.0923770883404541;0;0.013928231473488;0.0522475792775075;0;0;0.0132186318925259;0;0;0;0.0674863208363984;
1;53;0.042906457;25.889353;17.478205;16.728277;0;0;0.0497987019024889;0.0631759417153962;0.0137906053994839;0;0.0043558607692165;0.0518570800410138;0;0;0.0623723388390268;0.00936697917908488;0.012194167672258;0.00106795362963879;0.0713328694362543;0;0.00441026441544966;0;0.032716475330042;0;0.00915093647453692;0;0.058062938150578;0;0.0698578930683714;0.0416598922003008;0;0.00316650832945897;0.0058416348461535;0;0.0484087583189956;0.000545517317227838;0.0818103459085286;0;0;0;0.0101149078604961;0.000994710653153624;0;0.0455103177206564;0.00878276297087566;0;0.0813106766166359;0;0.0218406405167364;0.0442373646470287;0;0.0066202773489202;0.0155922642888438;0;0;0;0.0700524144331479;
1;53;0.042903204;27.351263;18.092659;17.316426;0;0;0.0523992595518611;0.0497499678047739;0.0103135752599251;0;0;0.0358872230048667;0;0.0237576294605725;0.0129446060428239;0.0260840679448395;0.0165871666141135;0;0.0763034979551584;0;0;0.0139442688782261;0.0273139183787115;0;0;0;0.0563468936857452;0.0050433601659018;0.0652592054283589;0.0356061270238975;0;0.00356523080492529;0.00723421845650761;0;0.0420493789530316;0;0.0821095884653839;0;0;0.0265082470403147;0;0;0;0.0627812238529484;0.0138388074886406;0;0.0980016351500937;0;0.0143844500950562;0.0547624915752387;0;0;0;0;0;0;0.0872239609180838;
1;53;0.042700494;26.743404;17.785848;17.026383;0;0;0.0523313139069518;0.0496854574724596;0.0103002017403687;0;0.0130666091588183;0.0342589361433748;0;0.0226796904986864;0.0123572791286222;0.024900573052435;0.0158345682460683;0;0.0735075508562663;0;0;0.0150699695816308;0.0295189315923956;0;0;0;0.0693300578466363;0.00526739802978711;0.061774686351227;0.0357786155916603;0;0.00363790680261064;0.00738168549933529;0;0.0423203584400104;0;0.0826387286028219;0;0;0.0254538849051028;0;0;0;0.0602841087048911;0.013303293614401;0;0.0977461091277814;0;0.0133216654753771;0.0507164047664372;0;0;0;0;0;0;0.0775340148638429;
1;53;0.042681012;26.426274;17.358171;16.617307;0;0;0.0513798594968234;0.0533206473534364;0.014170667160863;0;0.016071249870459;0.0549347788952184;0;0.0166550942256929;0.0106651541413098;0.0228270691451862;0.0145160026428317;0;0.0704961937041136;0;0;0.0159254766719321;0.0289476616215928;0;0;0;0.0581413190525325;0.00506279915629752;0.0655107387366741;0.0357433663124825;0;0.00325382843375521;0.00599728693194951;0;0.0449748098144028;0;0.0799309999171361;0;0;0.00273450019654267;0.0186167828058931;0;0;0.0492337485007296;0.0108647374260613;0;0.093039647536526;0;0.0143220532298768;0.0537248833758271;0;0;0.0149417196468383;0;0;0;0.0739969239970155;
1;53;0.042636609;26.980884;17.851989;17.090841;0;0;0.0519148536022219;0.0513626945239535;0.0106479067002432;0;0.0135804192272924;0.0356060787808967;0;0.0235715097294038;0;0.025879722653499;0.0164572210319503;0;0.0739584397308643;0;0;0.0164255778238308;0.0298566930571948;0;0;0;0.0668653959574177;0.00508014367601059;0.0612657038765317;0.0354838235112687;0;0.00355298459093852;0.00676046032693097;0;0.039441425293423;0;0.0841462913911274;0;0;0.0264966326612138;0;0;0;0.0627537167555103;0.0138482783826208;0;0.0980687047366285;0;0.0142439096840637;0.0542274455344032;0;0;0;0;0;0;0.0785039667605606;
1;53;0.042566948;26.825813;17.668143;16.916064;0;0;0.0527149369408562;0.0483269055526368;0.0100185628150011;0;0.0132961242621804;0.0358580049544639;0;0.0237382868768642;0.01293406702308;0.0260628312609139;0.0165736619561993;0;0.0762413744676749;0;0;0.013932915969954;0.0277920679489925;0;0;0;0.0619330244640271;0.0047054034162529;0.0567463974849931;0.0380799215612363;0;0.00390627706138786;0.00725286823373146;0;0.0496087014304133;0;0.0803135633955692;0;0;0.0241873291093876;0;0;0;0.060448340636009;0.0133245721846534;0;0.0943599990709726;0;0.0132078290303773;0.0502830223764911;0;0;0;0;0;0;0.0841530105156805;
1;53;0.042553614;26.233827;17.23564;16.502201;0;0;0.0506471741564814;0.057916928076854;0.0153921895455728;0;0.0157040847233315;0.0536797342447985;0;0.0161748547929564;0.0116775427097773;0.0249939261402195;0.0158939325762141;0;0.0771880370362302;0;0;0;0.0280046016295085;0;0;0;0.0582421264031218;0.00507157720567495;0.0656243234319443;0.0364688229752758;0;0.00331986898226476;0.00549535232601693;0;0.0446247436469668;0.00827978031760503;0.0807275891361379;0;0;0.00237175263791855;0.016147156904673;0;0;0.0535845730706914;0.0119787699424214;0;0.0908990219020556;0;0.0139925361358864;0.0524887989149732;0;0;0.0145979454715703;0;0;0;0.0688122549628576;
1;53;0.042552743;26.879426;17.705364;16.951952;0;0;0.0511915857116161;0.044364527312694;0.0105615581812009;0;0.0138668694700131;0.0363571137628375;0;0.0240687009110802;0.0131140967483118;0.0264256007086285;0.0168043513289028;0;0.0773025807898795;0;0;0.0141268487081463;0.028178906701842;0;0;0;0.0570960419895896;0.00528255441581407;0.0683542900899391;0.041171420619079;0;0.00341868579077912;0.00693686361356706;0;0.0403209840269593;0;0.0787345613040084;0;0;0.0254186537853292;0;0;0;0.0602006685281896;0.0132699780494953;0;0.0896561275081719;0;0.0144009835954946;0.0548254356344474;0;0;0;0;0;0;0.0845500107139837;
1;53;0.042551098;26.094027;16.881853;16.163512;0;0;0.0496641796895274;0.0541613016181485;0.0109830739382488;0;0;0.0516356411038188;0;0.0199480904884676;0.0370853300043087;0.0237997863957364;0.0242475670637308;0.000946115285366529;0.0603792039322772;0.0269428467699977;0;0;0.0268896970142403;0;0.00788196744714682;0;0.0515563283111484;0;0.0620295249409833;0.0395238813120472;0;0.00300415322213055;0.00567017599459255;0;0.0469879043413918;0.000529505742526267;0.0809178449164323;0;0;0;0.0109594059410959;0.00103156129769384;0;0.0471963201133315;0.00910813444980237;0;0.0827684285814612;0;0.0230761756552145;0.0448466596239676;0;0.00674458082267744;0.0158850273428207;0;0;0.000139836419055068;0.0734597502206116;
1;53;0.042527378;26.738841;18.005453;17.239728;0;0;0.0509649526775894;0.048388179080516;0.0100312653185224;0;0.0133129823753029;0.0349048944167411;0;0.023107320056525;0.0125902778024871;0.025370077741882;0.0161331318185308;0;0.0742148686007732;0;0;0.0135625772115922;0.0270533510889516;0;0.0125454487260883;0;0.0533232420703651;0.00477272654060169;0.0692678030652961;0.0417216512907739;0;0.00427984939880433;0.00794648798892775;0;0.0509351985184302;0;0.082461083989752;0;0;0.0125928387834826;0;0;0;0.0639522979349629;0.014269179106664;0;0.0893988637672187;0;0;0.0529956449919896;0;0;0;0;0;0;0.0899038056372289;
1;53;0.042520469;27.094929;17.927158;17.164887;0;0;0.0510412044040823;0.0467924957834324;0.0124404499953986;0;0;0.0403717302931858;0;0.0258426081381349;0;0.0299103368426523;0.0187709366680429;0;0.0823898264864547;0;0;0.00340912390999253;0.0315094005882525;0.00725149629928213;0;0;0.0605852201227032;0.0054227139390034;0.0653970453558155;0.0379937879641804;0;0.00389744138944843;0;0;0.0508468754536084;0;0.0823180941540715;0;0;0.0247910159975784;0;0;0;0.0609180602396842;0.0134281120452992;0;0.0962228516939328;0;0.0134554055562285;0.0512255615296432;0;0;0;0;0;0;0.083768205149892;
1;53;0.042504551;26.707669;18.216442;17.442161;0;0;0.0538559895375518;0.0511330459342775;0.0106002986691737;0;0.0134473055157729;0.0353071117370475;0;0.0257659194997195;0.0116363144312569;0.021820511186221;0.0138759205587248;0;0.0765192719017059;0;0;0.0168387165773341;0.0306076533634729;0;0;0;0.0685472050623779;0.00520792026009395;0.0628066686330549;0.0363763183003231;0;0.00364234982611381;0.00739070084908065;0;0.0429589433329767;0;0.0818391790135631;0;0;0;0;0;0;0.063662914179399;0.0140331576771766;0;0.0993779557820483;0;0.0145864632085601;0.0555315679982678;0;0;0;0;0;0;0.0826305969647055;
1;53;0.042495644;26.485799;17.593325;16.845685;0;0;0.0539753230139781;0.0569226110181495;0.0145153354787411;0;0.0148094627779122;0.0506217356969222;0;0.0162135069626072;0.010264968186675;0.0219705346463554;0.0139713222473931;0;0.0749485846667708;0;0;0.0141215194430168;0.0256686173255748;0;0;0;0.0549387955482707;0.00478393150142457;0.0619022949654519;0.0380083062527673;0;0.00325457958728232;0.00538727931756459;0;0.0457517015551328;0.00848887874919763;0.0827662920518091;0;0;0.00243164912522751;0.0154070816071257;0;0;0.0511286225220372;0.0114297450099379;0;0.0867328320843637;0;0.013351213926327;0.0500830711633801;0;0;0.0139288754363788;0;0;0;0.0822213281322249;
1;53;0.04245839;25.109467;17.030746;16.307648;0.0234166091669882;0;0.0487747549105323;0.0581746498375994;0.0214215526047686;0.0206715577623203;0.00684086366793466;0.025454859792772;0;0.0052342629402073;0.0204440984279629;0.0351659491579684;0.00286621198030013;0.0254890822292633;0.0747677809617015;0;0;0;0.0315155477603445;0;0.00189497557606255;0.0106452993259292;0.0516499444042462;0.0156547837874289;0.0630176744935969;0.0392419273074114;0.00326548429772355;0;0;0.00205359287196224;0.0309505616688066;0.00428438702584899;0.0746558284188687;0;0;0.00125331068365764;0;0.00437570256407826;0;0.0626976277555589;0.0141584341595055;0;0.0670189128613327;0.00834652430339206;0.00442691471062776;0.0585345795277215;0;0;0;0;0;0;0.0816357530555769;
1;53;0.042444802;25.79808;16.921411;16.203185;0;0;0.0506959817349622;0.0552865339715744;0.0112112536489677;0;0;0.0527084013998978;0;0.0203625236009682;0.0378557991753145;0.024294240717494;0.0247513242877417;0.000965771377398271;0.0616336168010391;0.0275025999881301;0;0;0.0274483460154693;0;0.00807453587151247;0;0.0528159276403171;0;0.0641735940149641;0.0408900360856888;0;0.00335587737672536;0.0053925024980983;0;0.0446868654135253;0.000503575381443776;0.076955227010365;0;0;0;0.0104412904344197;0.0010268074579652;0;0.0469788209282592;0.00913684916863235;0;0.0762864655434394;0;0.0204394123883988;0.0541800416916215;0;0.00597392180061859;0.00936743556591324;0;0;0.000159161749122194;0.0744452592600126;
1;53;0.042419361;26.363702;17.247948;16.516301;0;0;0.0421484158305212;0.0509137908582568;0.0157711185186744;0;0.0160922751166507;0.055006647434384;0;0.0165746821852927;0.0104936326069779;0.0249771912208327;0.0135672002731416;0;0.0727806889252964;0;0;0.0132859398054815;0.0309521728560479;0;0;0;0.0625601131121861;0.00573150182268606;0.0741635026164749;0.0377267773265745;0;0.00348806620167036;0.00577376782549234;0;0.0442092988212597;0.00785460788959041;0.076582171774303;0;0;0.00224996150469612;0.0153179892645491;0;0;0.0533460856822942;0.011925456359872;0;0.0926913231862008;0;0.0124444795647941;0.0466817293973415;0;0;0.0129829097702328;0;0;0;0.0717065022482241;
1;53;0.042384848;26.031075;16.679978;15.973;0.020123546058962;0;0.0485333112115237;0.0511834416405606;0.0138691004640204;0;0.0159966332571634;0.0546797242363496;0;0.0164761732166652;0.0104312653824536;0.0248287432856705;0.013486565791519;0;0.0723481285587155;0;0;0.0119220875515345;0.0277748145861526;0;0;0;0.0554876549456956;0.00508355211710576;0.0657792743335938;0.0358898822332879;0;0.00331823426411989;0.00549264639026833;0;0.0402643579243303;0.00747074405357474;0.072839511842589;0;0;0.00214000326537715;0.0145693812879588;0;0;0.0507390003415269;0.0113426454176982;0;0.086071890453402;0;0.0132494719112709;0.0497014165356828;0;0;0.0121727428276803;0.0150422570038227;0;0;0.0716917976097244;
