weight for each function; alfa, beta, shift for each function; Type function for each function; H(t);
1.30979,0.737404,0.325746,0.37086,0.664362,1.41116;8.3078 ,0.0568298 ,32.227,7.69764 ,0.0659523 ,42.1847,1.00002 ,6.70833 ,2.22905,1.00003 ,9.68905 ,22.3117,10 ,0.0534233 ,14.0692,6.00669 ,0.521549 ,52.0027;Gamma,Gamma,Gamma,Gamma,Gamma,Gamma;0,0,0.0418322,0.0360395,0.0310487,0.0267489,0.0230446,0.0198533,0.0171038,0.0147352,0.0126945,0.0109365,0.00942193,0.00811711,0.0787771,0.00602481,0.00519021,0.00447143,0.00385218,0.0033187,0.0028591,0.00246314,0.0366431,0.0329646,0.0296585,0.0266866,0.024015,0.0216129,0.0194529,0.0175103,0.015763,0.0141913,0.0831399,0.0115053,0.0103602,0.00932992,0.00840267,0.00756806,0.00681677,0.00614041,0.00553147,0.00498319,0.0898859,0.0040472,0.0036445,0.00328389,0.00295908,0.00266652,0.00240297,0.00216555,0.00195167,0.00175896,0.0868662;
1.30979,0.737404,0.325746,0.37086,0.664362,1.41116;8.3078 ,0.0568298 ,32.227,7.69764 ,0.0659523 ,42.1847,1.00002 ,6.70833 ,2.22905,1.00003 ,9.68905 ,22.3117,10 ,0.0534233 ,14.0692,6.00669 ,0.521549 ,52.0027;Gamma,Gamma,Gamma,Gamma,Gamma,Gamma;0,0,0.0418322,0.0360395,0.0310487,0.0267489,0.0230446,0.0198533,0.0171038,0.0147352,0.0126945,0.0109365,0.00942193,0.00811711,0.0787771,0.00602481,0.00519021,0.00447143,0.00385218,0.0033187,0.0028591,0.00246314,0.0366431,0.0329646,0.0296585,0.0266866,0.024015,0.0216129,0.0194529,0.0175103,0.015763,0.0141913,0.0831399,0.0115053,0.0103602,0.00932992,0.00840267,0.00756806,0.00681677,0.00614041,0.00553147,0.00498319,0.0898859,0.0040472,0.0036445,0.00328389,0.00295908,0.00266652,0.00240297,0.00216555,0.00195167,0.00175896,0.0868662;
1.30979,0.737404,0.325746,0.37086,0.664362,1.41116;8.3078 ,0.0568298 ,32.227,7.69764 ,0.0659523 ,42.1847,1.00002 ,6.70833 ,2.22905,1.00003 ,9.68905 ,22.3117,10 ,0.0534233 ,14.0692,6.00669 ,0.521549 ,52.0027;Gamma,Gamma,Gamma,Gamma,Gamma,Gamma;0,0,0.0418322,0.0360395,0.0310487,0.0267489,0.0230446,0.0198533,0.0171038,0.0147352,0.0126945,0.0109365,0.00942193,0.00811711,0.0787771,0.00602481,0.00519021,0.00447143,0.00385218,0.0033187,0.0028591,0.00246314,0.0366431,0.0329646,0.0296585,0.0266866,0.024015,0.0216129,0.0194529,0.0175103,0.015763,0.0141913,0.0831399,0.0115053,0.0103602,0.00932992,0.00840267,0.00756806,0.00681677,0.00614041,0.00553147,0.00498319,0.0898859,0.0040472,0.0036445,0.00328389,0.00295908,0.00266652,0.00240297,0.00216555,0.00195167,0.00175896,0.0868662;
1.30979,0.737404,0.325746,0.37086,0.664362,1.41116;8.3078 ,0.0568298 ,32.227,7.69764 ,0.0659523 ,42.1847,1.00002 ,6.70833 ,2.22905,1.00003 ,9.68905 ,22.3117,10 ,0.0534233 ,14.0692,6.00669 ,0.521549 ,52.0027;Gamma,Gamma,Gamma,Gamma,Gamma,Gamma;0,0,0.0418322,0.0360395,0.0310487,0.0267489,0.0230446,0.0198533,0.0171038,0.0147352,0.0126945,0.0109365,0.00942193,0.00811711,0.0787771,0.00602481,0.00519021,0.00447143,0.00385218,0.0033187,0.0028591,0.00246314,0.0366431,0.0329646,0.0296585,0.0266866,0.024015,0.0216129,0.0194529,0.0175103,0.015763,0.0141913,0.0831399,0.0115053,0.0103602,0.00932992,0.00840267,0.00756806,0.00681677,0.00614041,0.00553147,0.00498319,0.0898859,0.0040472,0.0036445,0.00328389,0.00295908,0.00266652,0.00240297,0.00216555,0.00195167,0.00175896,0.0868662;
1.30979,0.737404,0.325746,0.37086,0.664362,1.41116;8.3078 ,0.0568298 ,32.227,7.69764 ,0.0659523 ,42.1847,1.00002 ,6.70833 ,2.22905,1.00003 ,9.68905 ,22.3117,10 ,0.0534233 ,14.0692,6.00669 ,0.521549 ,52.0027;Gamma,Gamma,Gamma,Gamma,Gamma,Gamma;0,0,0.0418322,0.0360395,0.0310487,0.0267489,0.0230446,0.0198533,0.0171038,0.0147352,0.0126945,0.0109365,0.00942193,0.00811711,0.0787771,0.00602481,0.00519021,0.00447143,0.00385218,0.0033187,0.0028591,0.00246314,0.0366431,0.0329646,0.0296585,0.0266866,0.024015,0.0216129,0.0194529,0.0175103,0.015763,0.0141913,0.0831399,0.0115053,0.0103602,0.00932992,0.00840267,0.00756806,0.00681677,0.00614041,0.00553147,0.00498319,0.0898859,0.0040472,0.0036445,0.00328389,0.00295908,0.00266652,0.00240297,0.00216555,0.00195167,0.00175896,0.0868662;
1.30979,0.737404,0.325746,0.37086,0.664362,1.41116;8.3078 ,0.0568298 ,32.227,7.69764 ,0.0659523 ,42.1847,1.00002 ,6.70833 ,2.22905,1.00003 ,9.68905 ,22.3117,10 ,0.0534233 ,14.0692,6.00669 ,0.521549 ,52.0027;Gamma,Gamma,Gamma,Gamma,Gamma,Gamma;0,0,0.0418322,0.0360395,0.0310487,0.0267489,0.0230446,0.0198533,0.0171038,0.0147352,0.0126945,0.0109365,0.00942193,0.00811711,0.0787771,0.00602481,0.00519021,0.00447143,0.00385218,0.0033187,0.0028591,0.00246314,0.0366431,0.0329646,0.0296585,0.0266866,0.024015,0.0216129,0.0194529,0.0175103,0.015763,0.0141913,0.0831399,0.0115053,0.0103602,0.00932992,0.00840267,0.00756806,0.00681677,0.00614041,0.00553147,0.00498319,0.0898859,0.0040472,0.0036445,0.00328389,0.00295908,0.00266652,0.00240297,0.00216555,0.00195167,0.00175896,0.0868662;
1.30979,0.737404,0.325746,0.37086,0.664362,1.41116;8.3078 ,0.0568298 ,32.227,7.69764 ,0.0659523 ,42.1847,1.00002 ,6.70833 ,2.22905,1.00003 ,9.68905 ,22.3117,10 ,0.0534233 ,14.0692,6.00669 ,0.521549 ,52.0027;Gamma,Gamma,Gamma,Gamma,Gamma,Gamma;0,0,0.0418322,0.0360395,0.0310487,0.0267489,0.0230446,0.0198533,0.0171038,0.0147352,0.0126945,0.0109365,0.00942193,0.00811711,0.0787771,0.00602481,0.00519021,0.00447143,0.00385218,0.0033187,0.0028591,0.00246314,0.0366431,0.0329646,0.0296585,0.0266866,0.024015,0.0216129,0.0194529,0.0175103,0.015763,0.0141913,0.0831399,0.0115053,0.0103602,0.00932992,0.00840267,0.00756806,0.00681677,0.00614041,0.00553147,0.00498319,0.0898859,0.0040472,0.0036445,0.00328389,0.00295908,0.00266652,0.00240297,0.00216555,0.00195167,0.00175896,0.0868662;
1.30979,0.737404,0.325746,0.37086,0.664362,1.41116;8.3078 ,0.0568298 ,32.227,7.69764 ,0.0659523 ,42.1847,1.00002 ,6.70833 ,2.22905,1.00003 ,9.68905 ,22.3117,10 ,0.0534233 ,14.0692,6.00669 ,0.521549 ,52.0027;Gamma,Gamma,Gamma,Gamma,Gamma,Gamma;0,0,0.0418322,0.0360395,0.0310487,0.0267489,0.0230446,0.0198533,0.0171038,0.0147352,0.0126945,0.0109365,0.00942193,0.00811711,0.0787771,0.00602481,0.00519021,0.00447143,0.00385218,0.0033187,0.0028591,0.00246314,0.0366431,0.0329646,0.0296585,0.0266866,0.024015,0.0216129,0.0194529,0.0175103,0.015763,0.0141913,0.0831399,0.0115053,0.0103602,0.00932992,0.00840267,0.00756806,0.00681677,0.00614041,0.00553147,0.00498319,0.0898859,0.0040472,0.0036445,0.00328389,0.00295908,0.00266652,0.00240297,0.00216555,0.00195167,0.00175896,0.0868662;
1.30979,0.737404,0.325746,0.37086,0.664362,1.41116;8.3078 ,0.0568298 ,32.227,7.69764 ,0.0659523 ,42.1847,1.00002 ,6.70833 ,2.22905,1.00003 ,9.68905 ,22.3117,10 ,0.0534233 ,14.0692,6.00669 ,0.521549 ,52.0027;Gamma,Gamma,Gamma,Gamma,Gamma,Gamma;0,0,0.0418322,0.0360395,0.0310487,0.0267489,0.0230446,0.0198533,0.0171038,0.0147352,0.0126945,0.0109365,0.00942193,0.00811711,0.0787771,0.00602481,0.00519021,0.00447143,0.00385218,0.0033187,0.0028591,0.00246314,0.0366431,0.0329646,0.0296585,0.0266866,0.024015,0.0216129,0.0194529,0.0175103,0.015763,0.0141913,0.0831399,0.0115053,0.0103602,0.00932992,0.00840267,0.00756806,0.00681677,0.00614041,0.00553147,0.00498319,0.0898859,0.0040472,0.0036445,0.00328389,0.00295908,0.00266652,0.00240297,0.00216555,0.00195167,0.00175896,0.0868662;
1.30979,0.737404,0.325746,0.37086,0.664362,1.41116;8.3078 ,0.0568298 ,32.227,7.69764 ,0.0659523 ,42.1847,1.00002 ,6.70833 ,2.22905,1.00003 ,9.68905 ,22.3117,10 ,0.0534233 ,14.0692,6.00669 ,0.521549 ,52.0027;Gamma,Gamma,Gamma,Gamma,Gamma,Gamma;0,0,0.0418322,0.0360395,0.0310487,0.0267489,0.0230446,0.0198533,0.0171038,0.0147352,0.0126945,0.0109365,0.00942193,0.00811711,0.0787771,0.00602481,0.00519021,0.00447143,0.00385218,0.0033187,0.0028591,0.00246314,0.0366431,0.0329646,0.0296585,0.0266866,0.024015,0.0216129,0.0194529,0.0175103,0.015763,0.0141913,0.0831399,0.0115053,0.0103602,0.00932992,0.00840267,0.00756806,0.00681677,0.00614041,0.00553147,0.00498319,0.0898859,0.0040472,0.0036445,0.00328389,0.00295908,0.00266652,0.00240297,0.00216555,0.00195167,0.00175896,0.0868662;
1.30979,0.737404,0.298166,0.337875,0.620501,1.62368;8.3078 ,0.0568298 ,32.227,7.69764 ,0.0659523 ,42.1847,1.0001 ,6.21258 ,2.16993,1.0001 ,10 ,23.8273,10 ,0.0534233 ,14.0692,6.68169 ,0.586395 ,49.5653;Gamma,Gamma,Gamma,Gamma,Gamma,Gamma;0,0,0.0408532,0.0347817,0.0296116,0.0252098,0.0214621,0.0182715,0.0155552,0.0132427,0.0112739,0.00959787,0.00817097,0.00695619,0.0729669,0.00504184,0.00429205,0.00365394,0.0031107,0.00264823,0.00225451,0.00191933,0.00163397,0.031958,0.0288443,0.026037,0.023506,0.0212236,0.0191652,0.0173083,0.0156331,0.0141214,0.0831198,0.0115261,0.0104142,0.00941055,0.00850429,0.00768587,0.00694669,0.00627901,0.00567584,0.00513092,0.0900349,0.00419598,0.00379163,0.00342829,0.0030999,0.00280308,0.00253478,0.0284074,0.245648,0.444983,0.41451;
1.13873,0.772383,0.34379,0.343908,0.651684,1.31792;8.99599 ,0.0516675 ,35.2005,7.31127 ,0.0651238 ,38.792,1.09246 ,7.0761 ,2.22738,1.02646 ,9.88445 ,23.5184,10 ,0.050613 ,15.5054,6.10479 ,0.525304 ,47.8076;Gamma,Gamma,Gamma,Gamma,Gamma,Gamma;0,0,0.0368812,0.0341401,0.0307731,0.0274377,0.0243183,0.0214724,0.0189102,0.016622,0.0145894,0.0127907,0.0112033,0.0098054,0.00857639,0.05025,0.00655096,0.00572161,0.00499548,0.00436011,0.00380447,0.00331878,0.00289443,0.0325578,0.0298468,0.0271737,0.0246715,0.0223666,0.0202585,0.0183379,0.0165924,0.0150083,0.0135724,0.0122716,0.011094,0.0521929,0.00906444,0.00819252,0.0674482,0.00669239,0.00604704,0.00546463,0.00493824,0.0044625,0.00403257,0.00364404,0.00329294,0.0725931,0.359685,0.423955,0.275006,0.128988,0.0497966;
1.30979,0.705457,0.350249,0.395476,0.708707,1.41116;8.3078 ,0.0568298 ,32.227,7.70222 ,0.0606086 ,38.343,1.0001 ,7.20865 ,2.4765,1.06769 ,9.59345 ,20.2048,10 ,0.0563302 ,14.0717,6.00669 ,0.521549 ,52.0027;Gamma,Gamma,Gamma,Gamma,Gamma,Gamma;0,0,0.0422879,0.0368129,0.0320458,0.0278957,0.0242829,0.0211379,0.0184002,0.0160171,0.0139425,0.0121367,0.0105647,0.00919634,0.126443,0.00696952,0.00606577,0.0052801,0.0045962,0.00400087,0.0365038,0.0342131,0.0315155,0.0288269,0.026267,0.0238773,0.0216697,0.0196433,0.0177907,0.0161019,0.0145655,0.01317,0.0822666,0.0107567,0.00971708,0.0087763,0.00792517,0.00715547,0.04774,0.00583109,0.00526262,0.00474938,0.00428585,0.00386729,0.00348937,0.00314821,0.00284026,0.00256232,0.00231148,0.00208512,0.00188086,0.00169656,0.0868112;
1.10522,0.737404,0.288162,0.329659,0.664362,1.41116;8.3078 ,0.0568298 ,32.227,7.69764 ,0.0659523 ,42.1847,1.00002 ,6.70833 ,2.22905,1.00003 ,9.68905 ,22.3117,10 ,0.0534233 ,14.0692,6.00669 ,0.521549 ,52.0027;Gamma,Gamma,Gamma,Gamma,Gamma,Gamma;0,0,0.0370057,0.0318813,0.0274663,0.0236627,0.0203858,0.0175626,0.0151304,0.0130351,0.0112299,0.00967467,0.00833485,0.00718057,0.0779703,0.00532971,0.00459137,0.00395552,0.00340773,0.00293579,0.00252922,0.00217895,0.0325631,0.0292946,0.0263568,0.0237161,0.021342,0.0192075,0.017288,0.0155617,0.014009,0.0126123,0.0707284,0.0102253,0.00920769,0.00829209,0.00746804,0.00672631,0.00605861,0.00545752,0.00491633,0.00442904,0.0893866,0.00359743,0.00323927,0.00291877,0.00263009,0.00237006,0.00213582,0.00192481,0.0017347,0.00156343,0.08669;
1.30979,0.783836,0.352521,0.372052,0.704461,1.49023;8.3078 ,0.0568298 ,32.227,7.56031 ,0.0606211 ,37.9649,1.0001 ,6.21848 ,2.13551,1.06657 ,10 ,19.5049,10 ,0.053852 ,13.9281,6.17267 ,0.528316 ,8.48339;Gamma,Gamma,Gamma,Gamma,Gamma,Gamma;0,0,0.0482622,0.0410958,0.0349926,0.0297954,0.0253699,0.0216017,0.0897478,0.403378,0.489043,0.328728,0.161309,0.148455,0.0266256,0.0118637,0.00671477,0.00475089,0.00378851,0.0330676,0.0310144,0.0286181,0.0262333,0.0239624,0.0218405,0.0198779,0.0180734,0.0164206,0.0149108,0.0135341,0.0122805,0.0111401,0.0804661,0.00916199,0.00830666,0.00753053,0.00682628,0.0469867,0.0056082,0.00508246,0.00460599,0.00417402,0.00378242,0.00342745,0.00310571,0.0028141,0.00254981,0.00231029,0.00209323,0.00189654,0.00171829,0.00155678,0.00141043;
1.30979,0.737404,0.325746,0.403493,0.689656,1.53015;8.3078 ,0.0568298 ,32.227,7.69764 ,0.0659523 ,42.1847,1.00002 ,6.70833 ,2.22905,1.0001 ,9.77832 ,21.4083,10 ,0.0523696 ,14.7127,5.77338 ,0.585792 ,49.3296;Gamma,Gamma,Gamma,Gamma,Gamma,Gamma;0,0,0.0418322,0.0360395,0.0310487,0.0267489,0.0230446,0.0198533,0.0171038,0.0147352,0.0126945,0.0109365,0.00942193,0.00811711,0.0693956,0.0060247,0.00519021,0.00447143,0.00385218,0.0033187,0.0028591,0.0397095,0.0357499,0.0321883,0.0289845,0.0261024,0.0235094,0.0211761,0.0190762,0.0171861,0.0154847,0.013953,0.0829365,0.0113321,0.0102133,0.0092059,0.00829842,0.00748089,0.00674434,0.00608068,0.00548264,0.00494371,0.0898544,0.00402249,0.00362557,0.00326984,0.00294914,0.00266001,0.00239933,0.0764565,0.370501,0.464851,0.333227;
1.30979,0.736209,0.353566,0.406355,0.670003,1.28886;8.3078 ,0.0568298 ,32.227,7.69764 ,0.0659523 ,42.1847,1.07502 ,6.6848 ,2.22126,1.0001 ,10 ,21.7948,10 ,0.0551925 ,12.9975,6.39465 ,0.532476 ,48.3894;Gamma,Gamma,Gamma,Gamma,Gamma,Gamma;0,0,0.0410568,0.0372391,0.0330553,0.0290835,0.0254653,0.0222291,0.0193631,0.0168406,0.0146295,0.0126968,0.106244,0.00954396,0.00826682,0.0071579,0.00619535,0.00536045,0.0046367,0.00400962,0.00346655,0.0397586,0.0358556,0.0323392,0.0291709,0.0263162,0.0237436,0.0214249,0.0193348,0.0174505,0.0157515,0.0142193,0.0832001,0.0115912,0.0104665,0.0094519,0.0085364,0.00771019,0.0069645,0.0062914,0.00568376,0.00513516,0.0898978,0.00419484,0.0037886,0.00342378,0.00309426,0.00279661,0.0490026,0.301205,0.409345,0.295822,0.151471;
1.30979,0.773611,0.370672,0.390418,0.668845,1.47448;8.3078 ,0.0568298 ,32.227,7.666 ,0.0636829 ,39.3147,1.08613 ,7.06792 ,2.11832,1.00003 ,9.68905 ,22.3117,9.25227 ,0.053954 ,14.2316,6.41959 ,0.430118 ,49.1947;Gamma,Gamma,Gamma,Gamma,Gamma,Gamma;0,0,0.0401932,0.0370367,0.033293,0.0296256,0.0262161,0.0231176,0.0203358,0.0178571,0.0156592,0.0137172,0.0120056,0.0105001,0.0555201,0.00801815,0.00700168,0.00611182,0.00533325,0.00465248,0.00405752,0.0035378,0.0394256,0.0354664,0.0319068,0.0287063,0.0258286,0.0232409,0.0209139,0.0188211,0.0169388,0.0152458,0.0840855,0.012353,0.0111202,0.0100112,0.00901328,0.00811531,0.00730721,0.0732474,0.00592638,0.00533616,0.00480579,0.00432835,0.00389852,0.00351154,0.00316311,0.00284938,0.00256687,0.13242,0.546651,0.481263,0.224582;
1.30979,0.737404,0.325746,0.335775,0.664362,1.41116;8.3078 ,0.0568298 ,32.227,7.69764 ,0.0659523 ,42.1847,1.00002 ,6.70833 ,2.22905,1.02353 ,9.90931 ,23.7193,10 ,0.0534233 ,14.0692,6.00669 ,0.521549 ,52.0027;Gamma,Gamma,Gamma,Gamma,Gamma,Gamma;0,0,0.0418322,0.0360395,0.0310487,0.0267489,0.0230446,0.0198533,0.0171038,0.0147352,0.0126945,0.0109365,0.00942193,0.00811711,0.0787771,0.00602481,0.00519021,0.00447143,0.00385218,0.0033187,0.0028591,0.00246314,0.00212203,0.0312346,0.0285958,0.0260182,0.0236144,0.0214048,0.0193867,0.0175497,0.0158811,0.0143676,0.0833585,0.0117537,0.0106288,0.00961094,0.00869007,0.0078571,0.00710374,0.00642246,0.00580642,0.00524942,0.0901422,0.0042928,0.00387887,0.00350673,0.00317031,0.00286617,0.00259123,0.00234267,0.00211797,0.00191483,0.0870121;
1.32942,0.745705,0.308212,0.358711,0.668845,1.46591;8.27925 ,0.0533402 ,29.5581,7.57139 ,0.0578138 ,40.2476,1.13424 ,6.51917 ,2.36023,1.00003 ,9.68905 ,22.3117,9.25227 ,0.053954 ,14.2316,5.56214 ,0.570909 ,8;Gamma,Gamma,Gamma,Gamma,Gamma,Gamma;0,0,0.0336006,0.0316328,0.0286521,0.0255453,0.0225788,0.0198478,0.116672,0.422129,0.462167,0.300888,0.148955,0.0640649,0.0732808,0.012713,0.00748299,0.00539932,0.00436136,0.0036861,0.00316302,0.00272643,0.0357429,0.0321469,0.0289156,0.0260115,0.0234013,0.021055,0.0189457,0.054341,0.0153439,0.0138103,0.012431,0.0111904,0.0100743,0.00907031,0.00816694,0.00735406,0.00662254,0.00596417,0.0305546,0.00483827,0.00435801,0.00392571,0.00353648,0.00318602,0.00287042,0.00258622,0.00233026,0.00209972,0.00189208,0.00170504,0.00153654;
1.30979,0.737404,0.325746,0.37086,0.664362,1.41116;8.3078 ,0.0568298 ,32.227,7.62805 ,0.0667571 ,37.372,1.0001 ,7.5897 ,1.91457,1.00003 ,9.68905 ,22.3117,10 ,0.0534233 ,14.0692,6.00669 ,0.521549 ,52.0027;Gamma,Gamma,Gamma,Gamma,Gamma,Gamma;0,0.0376157,0.0329745,0.0289051,0.0253376,0.0222102,0.0194688,0.0170657,0.0149592,0.0131127,0.0114941,0.0100753,0.00883162,0.00774145,0.07857,0.00594847,0.00521395,0.00457033,0.00400616,0.00351164,0.00307815,0.00269818,0.0368862,0.0332096,0.0299007,0.0269227,0.0242423,0.0218298,0.0196581,0.0177032,0.0159434,0.0143591,0.0832953,0.0116487,0.0104921,0.0094509,0.00851332,0.0963861,0.0069114,0.0062239,0.00560719,0.00505175,0.00455146,0.00410083,0.00369493,0.00332929,0.00299992,0.0027032,0.0024359,0.00219508,0.00197812,0.00178264,0.0868874;
1.30485,0.755029,0.32775,0.382461,0.719643,1.32335;7.99592 ,0.0535323 ,31.3923,7.69764 ,0.0659523 ,42.1847,1.04853 ,7.40919 ,2.20681,1.05471 ,10 ,21.2164,10 ,0.0565919 ,12.1503,6.15007 ,0.568426 ,8;Gamma,Gamma,Gamma,Gamma,Gamma,Gamma;0,0,0.035999,0.03253,0.0289877,0.0256839,0.0226855,0.0199975,0.0649368,0.304854,0.415682,0.316543,0.300626,0.0820731,0.0358238,0.0165825,0.00920656,0.00632776,0.00501608,0.00424322,0.00367571,0.0346225,0.0323305,0.0297706,0.0272576,0.0248797,0.0226653,0.0206209,0.0187432,0.0170245,0.0154549,0.0435247,0.0127212,0.0115361,0.010459,0.00948058,0.00859229,0.00778615,0.0070548,0.00639149,0.00579004,0.00524479,0.092188,0.00430502,0.00389679,0.00352905,0.00319589,0.00289408,0.0026207,0.00237307,0.0021488,0.00194567,0.00176172;
1.15893,0.848725,0.341646,0.329225,0.664362,1.41116;8.3078 ,0.0568298 ,32.227,7.00084 ,0.0646671 ,45.8772,1.0001 ,6.53515 ,2.04924,1.00003 ,9.68905 ,22.3117,10 ,0.0534233 ,14.0692,6.00669 ,0.521549 ,52.0027;Gamma,Gamma,Gamma,Gamma,Gamma,Gamma;0,0,0.0448549,0.0384933,0.0330329,0.0283468,0.0243253,0.0208743,0.0179128,0.0153714,0.0131906,0.0113191,0.0097132,0.0083351,0.0789366,0.00613799,0.0052669,0.00451963,0.00387838,0.00332811,0.00285591,0.00245071,0.0327485,0.0294455,0.0264793,0.023815,0.0214215,0.019271,0.0173385,0.0156015,0.0140401,0.0126362,0.0736319,0.0102388,0.00921747,0.00829891,0.00747251,0.00672894,0.00605981,0.00545762,0.0049156,0.00442771,0.00398849,0.00359306,0.00323701,0.050903,0.00262829,0.00236768,0.00213349,0.00192255,0.00173255,0.00156138,0.0866881;
1.30979,0.737404,0.325746,0.37086,0.664362,1.29286;8.3078 ,0.0568298 ,32.227,7.69764 ,0.0659523 ,42.1847,1.00002 ,6.70833 ,2.22905,1.07649 ,7.42251 ,22.1146,9.56482 ,0.0572442 ,15.2292,5.52218 ,0.524473 ,8;Gamma,Gamma,Gamma,Gamma,Gamma,Gamma;0,0,0.0418322,0.0360395,0.0310487,0.0267489,0.0230446,0.0198533,0.142081,0.441399,0.409287,0.227349,0.0976219,0.0380041,0.015909,0.103771,0.00580438,0.00461815,0.00388573,0.00332609,0.00286067,0.00246347,0.0410912,0.0377398,0.0339487,0.0302796,0.0268812,0.023794,0.0210186,0.0185393,0.016334,0.0143781,0.08301,0.0111185,0.00976922,0.00858022,0.00753319,0.00661184,0.00580157,0.00508936,0.0044636,0.00391402,0.0888279,0.00301031,0.00263638,0.00231037,0.00202444,0.00177369,0.00155384,0.00136112,0.00119219,0.00104415,0.00091442;
1.28432,0.792196,0.36652,0.341009,0.665648,1.49075;8.22781 ,0.0671785 ,31.8966,7.51269 ,0.0714381 ,46.1607,1.16416 ,6.53313 ,2.37665,1.10474 ,9.08946 ,23.6471,10 ,0.0508768 ,15.1054,6.25731 ,0.549167 ,51.8098;Gamma,Gamma,Gamma,Gamma,Gamma,Gamma;0,0,0.0380987,0.0366313,0.0335957,0.0302216,0.0268999,0.0237834,0.0209309,0.0183583,0.0160603,0.0140214,0.0122211,0.0106374,0.00924843,0.0539617,0.00697145,0.00604567,0.00523951,0.00453827,0.00392888,0.00339977,0.00294071,0.0306342,0.0292576,0.0271914,0.0249909,0.0228292,0.0207747,0.0188555,0.0170811,0.260854,0.0139739,0.0126036,0.0113696,0.0102501,0.00923611,0.00831878,0.00748974,0.00674113,0.00606561,0.00545641,0.00490732,0.0044126,0.00396706,0.00356594,0.143396,0.00289073,0.00258784,0.00232502,0.00208867,0.056695,0.341085;
1.20818,0.698238,0.333588,0.336845,0.76913,1.48356;8.79945 ,0.0569989 ,34.8114,7.28115 ,0.0611911 ,42.9071,1.00002 ,6.70833 ,2.22905,1.00003 ,9.68905 ,22.3117,9.71792 ,0.0565715 ,13.862,5.50685 ,0.473762 ,52.9877;Gamma,Gamma,Gamma,Gamma,Gamma,Gamma;0,0,0.0428394,0.0369072,0.0317962,0.027393,0.0235994,0.0203312,0.0175156,0.0150899,0.0130002,0.0111998,0.00964878,0.119356,0.00716233,0.00616958,0.00531517,0.00457908,0.00394493,0.0033986,0.00292793,0.00252245,0.033528,0.0301529,0.0271206,0.0243961,0.0219478,0.0197472,0.0177692,0.0159908,0.0143918,0.0129539,0.0116607,0.0104975,0.107257,0.00851011,0.00766249,0.0069002,0.00621418,0.00559672,0.00504094,0.00454062,0.0351616,0.00368484,0.00331949,0.00299067,0.00269455,0.00242787,0.00218767,0.00197133,0.00177645,0.00160089,0.209221;
1.2195,0.662886,0.38251,0.341026,0.656553,1.41116;7.09175 ,0.0514887 ,27.1369,8.10342 ,0.0671104 ,44.0341,1.0001 ,6.0812 ,2.08089,1.14235 ,8.15364 ,21.8252,9.71438 ,0.052271 ,14.6177,6.00669 ,0.521549 ,52.0027;Gamma,Gamma,Gamma,Gamma,Gamma,Gamma;0,0,0.0533562,0.0452688,0.0384061,0.0325835,0.0276434,0.0234522,0.0198964,0.0168797,0.0143203,0.012149,0.0103069,0.00874415,0.0550308,0.0062936,0.00533924,0.00452967,0.00384284,0.00326016,0.00276583,0.0316789,0.0306282,0.028526,0.0261647,0.0237989,0.0215332,0.026581,0.0174552,0.0156635,0.0140338,0.0125577,0.0112253,0.0100256,0.00894765,0.00798057,0.00711417,0.00633885,0.00564567,0.00502645,0.00447368,0.00398053,0.0035408,0.00314889,0.118634,0.0024942,0.00221201,0.00196566,0.00174647,0.0015515,0.00137811,0.00122395,0.0863678;
1.21647,0.772374,0.322607,0.303376,0.664362,1.3368;7.98642 ,0.0538192 ,31.3507,7.66313 ,0.0636921 ,41.3213,1.05687 ,6.39597 ,2.33442,1.07518 ,10 ,21.6353,10 ,0.0559848 ,12.7021,6.90291 ,0.480994 ,52.5521;Gamma,Gamma,Gamma,Gamma,Gamma,Gamma;0,0,0.0400096,0.0355946,0.0311528,0.0270833,0.0234591,0.0202728,0.0174912,0.0150736,0.0129785,0.0111667,0.115424,0.00825424,0.00709093,0.00609021,0.0052292,0.00448878,0.00385233,0.00330548,0.00283576,0.0264358,0.024967,0.0231332,0.0212692,0.0194744,0.0177853,0.0162148,0.0147648,0.0134323,0.0122116,0.039957,0.0100778,0.00914988,0.00830507,0.0075365,0.00683771,0.00620268,0.00562584,0.00510203,0.00462651,0.0706841,0.00380433,0.003448,0.0031257,0.00283337,0.00256826,0.00232785,0.00210986,0.00191221,0.00173303,0.00157058,0.0449382;
1.28357,0.797948,0.337202,0.351204,0.65254,1.41116;8.3078 ,0.0568298 ,32.227,7.69764 ,0.0659523 ,42.1847,1.00002 ,6.70833 ,2.22905,1.07045 ,9.30402 ,23.4359,10 ,0.0534233 ,14.0692,6.00669 ,0.521549 ,52.0027;Gamma,Gamma,Gamma,Gamma,Gamma,Gamma;0,0,0.0433034,0.0373069,0.0321406,0.0276896,0.023855,0.0205514,0.0177053,0.0152534,0.013141,0.0113211,0.00975328,0.00840257,0.0777456,0.00623668,0.00537274,0.00462868,0.00398766,0.00343541,0.00295965,0.00254977,0.00219665,0.0319471,0.0299731,0.0275967,0.0252146,0.0229425,0.0208206,0.0188614,0.0170645,0.0154239,0.0828844,0.0125743,0.0113442,0.0102305,0.00922296,0.00831228,0.00748968,0.00674705,0.00607693,0.00547248,0.0973352,0.00443862,0.00399334,0.00359439,0.00323499,0.00291129,0.00261978,0.0023573,0.00212098,0.00190825,0.0869976;
1.27352,0.597087,0.359168,0.365874,0.688399,1.38428;9.11561 ,0.05542 ,33.9646,6.89943 ,0.0770984 ,42.5604,1.0001 ,6.8944 ,2.34816,1.04466 ,9.23243 ,22.6308,10 ,0.0487654 ,14.2901,6.24183 ,0.492231 ,50.4478;Gamma,Gamma,Gamma,Gamma,Gamma,Gamma;0,0,0.0450557,0.0389752,0.0337142,0.0291631,0.0252261,0.0218206,0.0188747,0.0163265,0.0141223,0.0122157,0.0105665,0.00913991,0.0388923,0.00683857,0.00591527,0.00511664,0.00442583,0.00382829,0.00331143,0.00286434,0.0354663,0.032676,0.0297529,0.0269624,0.0243706,0.0219926,0.019825,0.0178572,0.0160753,0.0144647,0.0130109,0.113439,0.010519,0.00945474,0.00849714,0.00763552,0.00686049,0.00616354,0.00553693,0.00497367,0.115622,0.00402795,0.00360374,0.00323648,0.00290654,0.00261016,0.00234393,0.00210481,0.0850125,0.414145,0.454537;
1.47009,0.74344,0.325746,0.421643,0.688776,1.29286;8.88687 ,0.0563864 ,31.6183,7.69764 ,0.0659523 ,42.1847,1.0001 ,6.53515 ,2.04924,1.07649 ,7.42251 ,22.1146,9.56482 ,0.0572442 ,15.2292,5.52218 ,0.524473 ,8;Gamma,Gamma,Gamma,Gamma,Gamma,Gamma;0,0,0.0427673,0.0367017,0.0314955,0.0270275,0.0231932,0.0199028,0.142056,0.441319,0.409169,0.227205,0.0974611,0.0378342,0.0157356,0.107101,0.00563597,0.004456,0.00373142,0.0031806,0.00272457,0.00233698,0.0463106,0.0425498,0.0382834,0.0341503,0.0303205,0.0268403,0.023711,0.0209152,0.0184281,0.131754,0.0142705,0.0125452,0.0110233,0.00968203,0.00850082,0.00746136,0.00654719,0.00574362,0.00503757,0.00441746,0.0899684,0.00339745,0.00297578,0.00260788,0.0022852,0.00200222,0.00175411,0.0015366,0.00134594,0.00117885,0.00103242;
1.15893,0.848725,0.341646,0.329225,0.664362,1.41116;8.3078 ,0.0568298 ,32.227,7.00084 ,0.0646671 ,45.8772,1.00002 ,6.70833 ,2.22905,1.0001 ,9.70687 ,21.6022,10 ,0.0540192 ,14.5199,6.00669 ,0.521549 ,52.0027;Gamma,Gamma,Gamma,Gamma,Gamma,Gamma;0,0,0.0438742,0.0377987,0.0325643,0.0280546,0.0241695,0.0208223,0.0179387,0.0154544,0.0133142,0.0114703,0.00988185,0.00851333,0.0863159,0.00631898,0.00544356,0.00468969,0.00404022,0.0034807,0.00299866,0.0331747,0.0298243,0.0268154,0.0241132,0.0216861,0.0195058,0.0175469,0.0157865,0.0142044,0.0127822,0.0115036,0.0726121,0.00932037,0.00839031,0.00755392,0.00680149,0.00612451,0.00551535,0.00496716,0.00447377,0.00402967,0.0036299,0.00327,0.00294596,0.0506408,0.00239203,0.00215482,0.00194172,0.00174977,0.00157688,0.00142113,0.0865617;
1.15362,0.848725,0.341646,0.329225,0.664362,1.29286;8.3078 ,0.0568298 ,32.227,7.00084 ,0.0646671 ,45.8772,1.0001 ,6.53515 ,2.04924,1.07649 ,7.42251 ,22.1146,9.56482 ,0.0572442 ,15.2292,5.52218 ,0.524473 ,8;Gamma,Gamma,Gamma,Gamma,Gamma,Gamma;0,0,0.0448549,0.0384933,0.0330329,0.0283468,0.0243253,0.0208743,0.14289,0.442035,0.409783,0.227731,0.0979132,0.0382221,0.0160685,0.103884,0.00588107,0.00466635,0.00391192,0.00333549,0.00285749,0.00245104,0.0366973,0.0336846,0.0302879,0.0270046,0.023966,0.0212073,0.0187284,0.016515,0.0145469,0.0128021,0.0732317,0.00989549,0.00869285,0.00763338,0.00670064,0.00588007,0.00515859,0.00452456,0.00396761,0.00347857,0.00304929,0.00267258,0.00234208,0.0500388,0.00179857,0.00157508,0.00137969,0.00120843,0.00105834,0.000926817,0.000811583;
1.30979,0.737404,0.325746,0.37086,0.664362,1.41116;8.3078 ,0.0568298 ,32.227,7.69764 ,0.0659523 ,42.1847,1.02662 ,6.60685 ,2.12913,1.0001 ,9.02069 ,22.539,10 ,0.0534233 ,14.0692,6.00669 ,0.521549 ,52.0027;Gamma,Gamma,Gamma,Gamma,Gamma,Gamma;0,0,0.0409024,0.0358118,0.0311157,0.0269507,0.0233032,0.0201275,0.0173715,0.0149846,0.0129203,0.0111367,0.00959677,0.00826793,0.0789059,0.00613381,0.00528171,0.00454764,0.00391519,0.00337039,0.00290115,0.00249706,0.0389413,0.0347833,0.0310707,0.0277562,0.0247968,0.0221544,0.0197948,0.0176876,0.0158057,0.0141249,0.0829862,0.0112826,0.0100842,0.00901381,0.00805741,0.00720284,0.00643921,0.00575679,0.00514693,0.00460186,0.0895111,0.00368154,0.00328998,0.00294202,0.00263096,0.00235286,0.00210423,0.00188193,0.00168317,0.00150544,0.0866274;
1.30979,0.773585,0.349051,0.351799,0.664362,1.31348;8.3078 ,0.0568298 ,32.227,7.21533 ,0.0682217 ,41.3918,1.0001 ,6.73836 ,2.09884,1.0064 ,9.51888 ,22.8633,10 ,0.0534233 ,14.0692,6.00211 ,0.533721 ,8.08787;Gamma,Gamma,Gamma,Gamma,Gamma,Gamma;0,0,0.0446504,0.038495,0.0331873,0.028611,0.0246656,0.0212642,0.0908849,0.372855,0.430348,0.281578,0.13664,0.0570909,0.0953665,0.0112966,0.00692386,0.00516772,0.00424219,0.00360363,0.00309378,0.00266413,0.0352121,0.0317446,0.0285729,0.025703,0.0231148,0.0207842,0.0186873,0.0168014,0.0151057,0.0135813,0.0825736,0.0109795,0.00987207,0.00887686,0.00798228,0.00717814,0.00645526,0.00580541,0.00522119,0.0845342,0.00422625,0.00379908,0.00341728,0.00307396,0.00276523,0.00248759,0.0022379,0.00201334,0.00181136,0.0016297,0.00146629;
1.30979,0.736209,0.325746,0.358711,0.668845,1.41116;8.3078 ,0.0568298 ,32.227,7.69764 ,0.0659523 ,42.1847,1.05447 ,6.31326 ,2.31055,1.00003 ,9.68905 ,22.3117,9.25227 ,0.053954 ,14.2316,6.00669 ,0.521549 ,52.0027;Gamma,Gamma,Gamma,Gamma,Gamma,Gamma;0,0,0.0410078,0.0363474,0.0317157,0.0274972,0.0237561,0.0204785,0.017626,0.0151538,0.0130172,0.0111743,0.00958699,0.00822148,0.0533901,0.00603982,0.00517435,0.00443192,0.0037952,0.00324935,0.00278154,0.00238071,0.0354276,0.0318598,0.0286551,0.025776,0.0231892,0.0208644,0.0187749,0.0168966,0.0152078,0.0136891,0.082686,0.0110952,0.00998978,0.00899551,0.00810085,0.00729573,0.00657112,0.00591889,0.00533175,0.00480316,0.0895852,0.003901,0.0035128,0.00316525,0.00285224,0.00257029,0.00231633,0.00208754,0.00188143,0.00169573,0.0868093;
1.01856,0.681943,0.315377,0.361206,0.688399,1.38428;8.50267 ,0.0617371 ,28.5896,7.19065 ,0.0538614 ,35.2743,1.00002 ,6.70833 ,2.22905,1.12496 ,9.80563 ,22.0655,10 ,0.0563119 ,15.3714,6.24183 ,0.492231 ,50.4478;Gamma,Gamma,Gamma,Gamma,Gamma,Gamma;0,0,0.0405007,0.0348923,0.0300604,0.0258975,0.0223111,0.0192213,0.0165594,0.0142661,0.0122905,0.0105884,0.00912202,0.00785873,0.00677039,0.120588,0.00502614,0.00432909,0.00372956,0.00321306,0.00276809,0.00238474,0.02861,0.0279206,0.0263674,0.0245688,0.022726,0.020925,0.14726,0.0175903,0.0160787,0.0146788,0.0133864,0.0121969,0.0111049,0.0176885,0.0091891,0.00835291,0.00758979,0.00689398,0.00626001,0.00568278,0.0051575,0.00467973,0.00424537,0.00385062,0.003492,0.00316629,0.00287055,0.0026021,0.0854809,0.414585,0.45495;
1.40298,0.818509,0.31194,0.380126,0.673959,1.31836;9.36549 ,0.0610182 ,31.9644,7.15988 ,0.0657492 ,43.668,1.03067 ,6.53827 ,2.30908,1.0348 ,9.64946 ,20.2311,10 ,0.0560318 ,16.6737,5.60002 ,0.562684 ,47.2052;Gamma,Gamma,Gamma,Gamma,Gamma,Gamma;0,0,0.0393125,0.034462,0.0299446,0.0259255,0.0224015,0.0193322,0.0166691,0.0143637,0.0123712,0.0106511,0.00916725,0.00788814,0.00678605,0.00583688,0.11308,0.0043173,0.00371105,0.00319033,0.036197,0.0332547,0.0302776,0.0274678,0.0248711,0.0224936,0.0203277,0.0183605,0.0165773,0.014963,0.0135029,0.297742,0.0109985,0.00991495,0.0089433,0.00806639,0.00727513,0.00656126,0.00591727,0.00533638,0.00481245,0.00433991,0.00391374,0.0642383,0.00318389,0.00287025,0.00258839,0.0930028,0.373962,0.407943,0.259622,0.123283,0.0490179;
1.30979,0.774565,0.325746,0.37086,0.664362,1.41116;8.3078 ,0.0568298 ,32.227,7.08034 ,0.0656985 ,40.5027,1.00002 ,6.70833 ,2.22905,1.00003 ,9.68905 ,22.3117,10 ,0.0534233 ,14.0692,6.00669 ,0.521549 ,52.0027;Gamma,Gamma,Gamma,Gamma,Gamma,Gamma;0,0,0.0418322,0.0360395,0.0310487,0.0267489,0.0230446,0.0198533,0.0171038,0.0147352,0.0126945,0.0109365,0.00942193,0.00811711,0.0787771,0.00602481,0.00519021,0.00447143,0.00385218,0.0033187,0.0028591,0.00246314,0.0366431,0.0329646,0.0296585,0.0266866,0.024015,0.0216129,0.0194529,0.0175103,0.015763,0.0141913,0.0831399,0.0115053,0.0103602,0.00932992,0.00840267,0.00756806,0.00681677,0.00614041,0.0589704,0.00498408,0.00448949,0.00404489,0.0036445,0.00328389,0.00295908,0.00266652,0.00240297,0.00216555,0.00195167,0.00175896,0.0868662;
1.30979,0.659111,0.337497,0.332144,0.726244,1.41116;8.3078 ,0.0568298 ,32.227,6.8931 ,0.0758632 ,40.8931,1.0001 ,6.75732 ,2.45122,1.05819 ,9.00978 ,23.0267,9.94827 ,0.0501873 ,14.1416,6.00669 ,0.521549 ,52.0027;Gamma,Gamma,Gamma,Gamma,Gamma,Gamma;0,0,0.0430693,0.0371473,0.0320387,0.0276323,0.0238318,0.0205539,0.0177268,0.0152886,0.0131856,0.011372,0.00980776,0.00845869,0.049486,0.00629177,0.00542628,0.00467988,0.00403615,0.00348096,0.00300215,0.00258919,0.00223304,0.0318667,0.0295593,0.0269961,0.0244998,0.022158,0.0199969,0.0180202,0.0162216,0.0145909,0.0834787,0.0117846,0.0105837,0.00950218,0.00852884,0.00765341,0.00686647,0.00615939,0.116069,0.00496641,0.00444213,0.00398272,0.0035705,0.00320068,0.00286897,0.00257146,0.00230467,0.00206546,0.00185098,0.0016587,0.0867672;
1.30979,0.737404,0.336078,0.303376,0.664362,1.41116;8.3078 ,0.0568298 ,32.227,7.69764 ,0.0659523 ,42.1847,1.0001 ,6.84174 ,2.39873,1.07518 ,10 ,21.6353,10 ,0.0534233 ,14.0692,6.00669 ,0.521549 ,52.0027;Gamma,Gamma,Gamma,Gamma,Gamma,Gamma;0,0,0.0424364,0.0366683,0.0316834,0.0273758,0.0236537,0.0204376,0.0176587,0.0152577,0.0131831,0.0113905,0.0098417,0.00850348,0.0791313,0.00634845,0.00548498,0.00473915,0.00409474,0.00353795,0.00305686,0.0266446,0.0251629,0.023316,0.021439,0.0196313,0.0179298,0.0163474,0.0148861,0.0135429,0.0123122,0.0111871,0.0805229,0.00922465,0.00837223,0.00759692,0.00689198,0.00625135,0.00566942,0.005141,0.00466131,0.00422597,0.0892274,0.00347493,0.0031476,0.00285283,0.00258552,0.00234316,0.00212342,0.00192422,0.00174365,0.00157997,0.0867125;
1.54277,0.764052,0.322198,0.372052,0.699753,1.35779;9.04267 ,0.0553485 ,27.0477,7.91144 ,0.0685501 ,38.8669,1.0001 ,6.44921 ,2.35465,1.06657 ,10 ,19.5049,10 ,0.0500541 ,15.3598,6.31054 ,0.524209 ,8;Gamma,Gamma,Gamma,Gamma,Gamma,Gamma;0,0,0.0427779,0.0366361,0.0313752,0.0268694,0.0230105,0.0197058,0.0746091,0.354534,0.447135,0.307946,0.153432,0.0641955,0.0256454,0.0525701,0.00647085,0.00459325,0.00368169,0.032996,0.030969,0.0285925,0.0262226,0.0239627,0.0218489,0.019892,0.0180913,0.131839,0.0149329,0.0135563,0.0123026,0.0111616,0.0101241,0.00918135,0.00832508,0.00754769,0.00684215,0.00620199,0.140957,0.00510214,0.00461702,0.00418399,0.00379141,0.00343553,0.00311295,0.00282057,0.00255559,0.00231544,0.00209782,0.00190061,0.0017219,0.00155998,0.00141325;
1.30979,0.737404,0.325746,0.37086,0.664362,1.41116;8.3078 ,0.0568298 ,32.227,7.69764 ,0.0659523 ,42.1847,1.00002 ,6.70833 ,2.22905,1.00003 ,9.68905 ,22.3117,10 ,0.0534233 ,14.0692,6.00669 ,0.521549 ,52.0027;Gamma,Gamma,Gamma,Gamma,Gamma,Gamma;0,0,0.0418322,0.0360395,0.0310487,0.0267489,0.0230446,0.0198533,0.0171038,0.0147352,0.0126945,0.0109365,0.00942193,0.00811711,0.0787771,0.00602481,0.00519021,0.00447143,0.00385218,0.0033187,0.0028591,0.00246314,0.0366431,0.0329646,0.0296585,0.0266866,0.024015,0.0216129,0.0194529,0.0175103,0.015763,0.0141913,0.0831399,0.0115053,0.0103602,0.00932992,0.00840267,0.00756806,0.00681677,0.00614041,0.00553147,0.00498319,0.0898859,0.0040472,0.0036445,0.00328389,0.00295908,0.00266652,0.00240297,0.00216555,0.00195167,0.00175896,0.0868662;
1.30979,0.737404,0.325746,0.37086,0.664362,1.41116;8.3078 ,0.0568298 ,32.227,7.69764 ,0.0659523 ,42.1847,1.00002 ,6.70833 ,2.22905,1.00003 ,9.68905 ,22.3117,10 ,0.0534233 ,14.0692,6.00669 ,0.521549 ,52.0027;Gamma,Gamma,Gamma,Gamma,Gamma,Gamma;0,0,0.0418322,0.0360395,0.0310487,0.0267489,0.0230446,0.0198533,0.0171038,0.0147352,0.0126945,0.0109365,0.00942193,0.00811711,0.0787771,0.00602481,0.00519021,0.00447143,0.00385218,0.0033187,0.0028591,0.00246314,0.0366431,0.0329646,0.0296585,0.0266866,0.024015,0.0216129,0.0194529,0.0175103,0.015763,0.0141913,0.0831399,0.0115053,0.0103602,0.00932992,0.00840267,0.00756806,0.00681677,0.00614041,0.00553147,0.00498319,0.0898859,0.0040472,0.0036445,0.00328389,0.00295908,0.00266652,0.00240297,0.00216555,0.00195167,0.00175896,0.0868662;
1.23948,0.737404,0.330465,0.399009,0.702247,1.41116;8.98058 ,0.0543683 ,29.8509,7.69764 ,0.0659523 ,42.1847,1.0001 ,7.25964 ,2.44416,1.0001 ,9.9503 ,22.4418,8.51134 ,0.051641 ,15.1176,6.00669 ,0.521549 ,52.0027;Gamma,Gamma,Gamma,Gamma,Gamma,Gamma;0,0,0.0396576,0.0345568,0.0301112,0.0262372,0.0228614,0.0199199,0.0173569,0.0151236,0.0131776,0.011482,0.0100046,0.00871725,0.00759556,0.0237304,0.00576661,0.00502458,0.00437803,0.00381468,0.00332382,0.00289612,0.0387833,0.0349939,0.0315764,0.0284947,0.0257155,0.0232091,0.0209484,0.0939122,0.0170697,0.0154099,0.0139124,0.0125613,0.011342,0.0102416,0.0092485,0.00835213,0.00754302,0.00681263,0.00615325,0.00555795,0.0904168,0.00453745,0.00409691,0.00370117,0.00334379,0.00302103,0.00272952,0.00246622,0.0022284,0.00201358,0.0871004;
1.30979,0.737404,0.325746,0.37086,0.664362,1.41116;8.3078 ,0.0568298 ,32.227,7.69764 ,0.0659523 ,42.1847,1.00002 ,6.70833 ,2.22905,1.00003 ,9.68905 ,22.3117,10 ,0.0534233 ,14.0692,6.00669 ,0.521549 ,52.0027;Gamma,Gamma,Gamma,Gamma,Gamma,Gamma;0,0,0.0418322,0.0360395,0.0310487,0.0267489,0.0230446,0.0198533,0.0171038,0.0147352,0.0126945,0.0109365,0.00942193,0.00811711,0.0787771,0.00602481,0.00519021,0.00447143,0.00385218,0.0033187,0.0028591,0.00246314,0.0366431,0.0329646,0.0296585,0.0266866,0.024015,0.0216129,0.0194529,0.0175103,0.015763,0.0141913,0.0831399,0.0115053,0.0103602,0.00932992,0.00840267,0.00756806,0.00681677,0.00614041,0.00553147,0.00498319,0.0898859,0.0040472,0.0036445,0.00328389,0.00295908,0.00266652,0.00240297,0.00216555,0.00195167,0.00175896,0.0868662;
1.23157,0.704541,0.402196,0.392297,0.743371,1.52408;9.53549 ,0.0505983 ,30.4878,7.45062 ,0.0712022 ,45.4881,1.00462 ,7.45589 ,2.87642,1.0001 ,8.90789 ,18.8711,7.28724 ,0.048787 ,14.1731,6.52121 ,0.475128 ,48.3771;Gamma,Gamma,Gamma,Gamma,Gamma,Gamma;0,0,0.0468606,0.0411103,0.0360177,0.0315388,0.0276086,0.0241636,0.0211457,0.018503,0.0161894,0.0141642,0.0123918,0.0108408,0.0122021,0.0082961,0.00725711,0.00634811,0.0449093,0.0400369,0.0356939,0.0318232,0.0283734,0.0252987,0.0225581,0.0201153,0.0179378,0.0159967,0.0142663,0.0127235,0.0680316,0.0101218,0.00902833,0.00805332,0.00718389,0.00640857,0.00571714,0.00510049,0.00455052,0.00406,0.00362249,0.00323223,0.00288411,0.00257357,0.00229655,0.118899,0.00183705,0.0016322,0.0810339,0.44673,0.510441,0.304922,0.127898;
1.30979,0.737404,0.325746,0.303376,0.664362,1.41116;8.3078 ,0.0568298 ,32.227,7.69764 ,0.0659523 ,42.1847,1.0001 ,6.84174 ,2.39873,1.07518 ,10 ,21.6353,10 ,0.0534233 ,14.0692,6.00669 ,0.521549 ,52.0027;Gamma,Gamma,Gamma,Gamma,Gamma,Gamma;0,0,0.0411317,0.035541,0.0307093,0.0265342,0.0229265,0.0198093,0.0171158,0.0147886,0.0127778,0.0110403,0.00953913,0.00824205,0.0789055,0.00615328,0.00531635,0.00459345,0.00396885,0.00342917,0.00296288,0.0265634,0.0250928,0.0232554,0.0213866,0.0195861,0.0178907,0.0163136,0.0148569,0.0135176,0.0122904,0.0111682,0.0805066,0.00921059,0.00836009,0.00758643,0.00688291,0.00624352,0.00566265,0.00513515,0.00465626,0.00422161,0.0892236,0.00347167,0.00314478,0.00285039,0.00258342,0.00234134,0.00212186,0.00192287,0.00174248,0.00157896,0.0867116;
1.12163,0.715472,0.325746,0.417123,0.811672,1.62368;6.98512 ,0.0714867 ,32.3517,7.40246 ,0.0680647 ,34.3819,1.00002 ,6.70833 ,2.22905,1.15713 ,7.718 ,23.511,8.64921 ,0.0396632 ,12.5738,6.68169 ,0.586395 ,49.5653;Gamma,Gamma,Gamma,Gamma,Gamma,Gamma;0,0,0.0418322,0.0360395,0.0310487,0.0267489,0.0230446,0.0198533,0.0171038,0.0147352,0.0126945,0.0109365,0.010053,0.00811711,0.00699299,0.00602454,0.00519021,0.00447143,0.00385218,0.0033187,0.0028591,0.00246314,0.00212203,0.0388297,0.03782,0.0352918,0.0323584,0.029384,0.0265205,0.0238354,0.0213561,0.0190898,0.152803,0.015181,0.0973052,0.0120037,0.0106575,0.00945741,0.00838691,0.00743325,0.00658465,0.00583026,0.00516018,0.00456542,0.00403786,0.00357018,0.00315578,0.00278878,0.00246387,0.0282915,0.245497,0.444805,0.414312;
1.30979,0.81006,0.340418,0.37086,0.664362,1.30805;8.3078 ,0.0568298 ,32.227,7.35811 ,0.0717283 ,46.3844,1.02295 ,5.93696 ,2.35377,1.0001 ,8.30429 ,23.9769,9.17017 ,0.0524528 ,14.5959,6.04539 ,0.55965 ,50.5091;Gamma,Gamma,Gamma,Gamma,Gamma,Gamma;0,0,0.0471095,0.0404453,0.0344952,0.0293411,0.0249201,0.0211454,0.0179309,0.0151978,0.0128767,0.010907,0.00923642,0.00782024,0.0395936,0.00560349,0.00474233,0.00401314,0.00339576,0.00287314,0.00243077,0.00205639,0.00173956,0.0410576,0.0363421,0.0321695,0.0284777,0.0252111,0.0223205,0.0197625,0.0174986,0.0154949,0.084084,0.0121517,0.0107616,0.00953123,0.00844189,0.00747736,0.00662331,0.00586703,0.0051973,0.00460419,0.0040789,0.00361366,0.00320159,0.00283658,0.13463,0.00223642,0.00197315,0.00174838,0.0579988,0.313595,0.405701;
1.40298,0.775907,0.325746,0.36479,0.664362,1.41116;9.36549 ,0.0610182 ,31.9644,7.69764 ,0.0659523 ,42.1847,1.0001 ,6.84174 ,2.39873,1.01088 ,10 ,32.0379,10 ,0.0534233 ,14.0692,6.00669 ,0.521549 ,52.0027;Gamma,Gamma,Gamma,Gamma,Gamma,Gamma;0,0,0.0411317,0.035541,0.0307093,0.0265342,0.0229265,0.0198093,0.0171158,0.0147886,0.0127778,0.0110403,0.00953913,0.00824205,0.0789055,0.00615328,0.00531635,0.00459345,0.00396885,0.00342917,0.00296288,0.00256,0.0022119,0.00191113,0.00165125,0.00142672,0.00123272,0.00106509,0.000920263,0.000795127,0.000687007,0.286152,0.0329107,0.0299732,0.0272209,0.024691,0.0223814,0.0202796,0.0183701,0.0166371,0.0150654,0.0136407,0.102205,0.0111825,0.0101207,0.00916129,0.00829252,0.0075059,0.00679373,0.006149,0.00556535,0.00503702,0.0898397;
1.30979,0.692461,0.325746,0.333774,0.688399,1.38428;8.3078 ,0.0568298 ,32.227,7.69764 ,0.0659523 ,42.1847,1.00002 ,6.70833 ,2.22905,1.08445 ,10 ,21.2866,10 ,0.0563119 ,15.3714,6.24183 ,0.492231 ,50.4478;Gamma,Gamma,Gamma,Gamma,Gamma,Gamma;0,0,0.0418322,0.0360395,0.0310487,0.0267489,0.0230446,0.0198533,0.0171038,0.0147352,0.0126945,0.0109365,0.00942193,0.00811711,0.00699299,0.12078,0.00519135,0.00447143,0.00385218,0.0033187,0.0028591,0.0284226,0.0270271,0.0251482,0.0231947,0.0212913,0.0194863,0.0177984,0.0162334,0.0147899,0.0134637,0.0122483,0.0814993,0.0101219,0.00919572,0.00835201,0.00758376,0.00688466,0.00624882,0.00567077,0.00514544,0.00466818,0.0844263,0.00384327,0.00348377,0.00315942,0.00286506,0.00259795,0.0023556,0.00213573,0.0850587,0.414203,0.454605;
1.30979,0.737404,0.310778,0.393895,0.665313,1.51985;8.3078 ,0.0568298 ,32.227,7.69764 ,0.0659523 ,42.1847,1.0001 ,6.9074 ,2.38874,1.00003 ,9.68905 ,22.3117,10 ,0.0534233 ,14.0692,5.42021 ,0.481765 ,8;Gamma,Gamma,Gamma,Gamma,Gamma,Gamma;0,0,0.0389227,0.033679,0.0291409,0.025214,0.0218161,0.0188761,0.233166,0.596607,0.450933,0.206899,0.0752016,0.0264717,0.08334,0.0069706,0.00534961,0.00448226,0.00384852,0.00332411,0.00287504,0.00248736,0.0388174,0.0349325,0.031439,0.0282971,0.0254712,0.0229293,0.0206425,0.0185852,0.0167341,0.0150683,0.0839319,0.0122204,0.0110057,0.0099126,0.00892853,0.00804259,0.00724492,0.00652669,0.00587994,0.00529751,0.0901694,0.00430288,0.00387508,0.00349182,0.00314658,0.00283557,0.0025554,0.00230298,0.00207556,0.00187066,0.00168603;
1.21265,0.737404,0.325746,0.37086,0.664362,1.41116;8.22294 ,0.0614361 ,32.1073,8.53809 ,0.0653045 ,43.238,1.06338 ,6.85848 ,2.24054,1.09896 ,8.73058 ,22.7754,10 ,0.049727 ,13.0777,6.00669 ,0.521549 ,52.0027;Gamma,Gamma,Gamma,Gamma,Gamma,Gamma;0,0,0.0375685,0.0339298,0.0300898,0.026486,0.0232186,0.0203017,0.0177196,0.0154457,0.0134501,0.0117032,0.0101767,0.0454166,0.00768354,0.00667232,0.00579234,0.00502699,0.00436169,0.0037836,0.00328149,0.00284552,0.0345861,0.0328154,0.0303305,0.0277349,0.0252131,0.022836,0.0206305,0.0186035,0.0167521,0.0150683,0.133326,0.0121625,0.0109143,0.00979051,0.00877855,0.0078682,0.00704992,0.00631491,0.00565508,0.00506304,0.00453206,0.146579,0.0036353,0.00324712,0.00290473,0.00259812,0.00232361,0.00207788,0.00185796,0.00166116,0.086766;
1.24062,0.784154,0.324305,0.309054,0.67633,1.29506;8.02371 ,0.0610525 ,30.6946,6.89943 ,0.0770984 ,42.5604,1.06064 ,7.19831 ,2.43992,1.00355 ,8.58271 ,23.2548,9.56482 ,0.0572442 ,15.2292,6.4283 ,0.54996 ,48.603;Gamma,Gamma,Gamma,Gamma,Gamma,Gamma;0,0,0.0359196,0.0326027,0.0290804,0.0257539,0.0227189,0.019992,0.0175624,0.0154088,0.0135063,0.0118298,0.0103552,0.00905973,0.00792302,0.103967,0.00605427,0.00528884,0.00461981,0.00403457,0.0035228,0.00307543,0.00268447,0.0342126,0.0304791,0.0271277,0.0241359,0.0214698,0.0190961,0.0169835,0.115136,0.0134329,0.0119447,0.010622,0.00944576,0.0083997,0.00746949,0.0066423,0.00590675,0.00525268,0.00467107,0.00415389,0.149673,0.00330536,0.00292144,0.00259808,0.00231055,0.00205485,0.0405763,0.27243,0.398498,0.308449,0.168538;
1.28357,0.797948,0.335805,0.31988,0.65254,1.41116;8.3078 ,0.0568298 ,32.227,7.69764 ,0.0659523 ,42.1847,1.00164 ,7.23413 ,2.08966,1.00003 ,9.68905 ,22.3117,10 ,0.0534233 ,14.0692,6.00669 ,0.521549 ,52.0027;Gamma,Gamma,Gamma,Gamma,Gamma,Gamma;0,0,0.0403337,0.0351664,0.0306466,0.0267025,0.0232636,0.0202662,0.0176542,0.0153783,0.0133955,0.0116681,0.0101633,0.00885241,0.0782172,0.00671615,0.00584949,0.00509483,0.00443751,0.00386497,0.00336628,0.00293192,0.0323293,0.0290805,0.0261602,0.023535,0.021175,0.0190531,0.0171451,0.0154293,0.0138863,0.0124984,0.0802039,0.0101272,0.00911657,0.00820752,0.00738955,0.00665349,0.00599108,0.00539491,0.00485833,0.00437533,0.0963483,0.00355164,0.00319676,0.0028795,0.00259383,0.00233661,0.00210498,0.00189638,0.00170852,0.00153933,0.0866678;
1.30979,0.729102,0.298114,0.37086,0.664904,1.51002;8.3078 ,0.0568298 ,32.227,7.93343 ,0.0606508 ,42.3818,1.03984 ,6.40846 ,2.12974,1.00003 ,9.68905 ,22.3117,9.3177 ,0.049443 ,14.1599,5.44731 ,0.562782 ,52.497;Gamma,Gamma,Gamma,Gamma,Gamma,Gamma;0,0,0.0377704,0.0332181,0.0288816,0.0249936,0.0215735,0.0185911,0.0160031,0.013764,0.0118308,0.0101641,0.00872867,0.00749349,0.0265472,0.00551841,0.00473411,0.00406056,0.0034823,0.00298597,0.00256007,0.00219468,0.0364023,0.0327489,0.0294654,0.0265141,0.0238609,0.0214754,0.0193303,0.0174012,0.015666,0.014105,0.0830633,0.0114373,0.0102999,0.00927655,0.00835544,0.00752628,0.00677984,0.00610779,0.00550268,0.00495779,0.0562534,0.00402559,0.00362712,0.00326859,0.00294562,0.00265468,0.00239257,0.00215641,0.00194364,0.00175192,0.123241;
1.30979,0.737404,0.325746,0.37086,0.664362,1.41116;8.3078 ,0.0568298 ,32.227,7.69764 ,0.0659523 ,42.1847,1.00002 ,6.70833 ,2.22905,1.00003 ,9.68905 ,22.3117,10 ,0.0534233 ,14.0692,6.00669 ,0.521549 ,52.0027;Gamma,Gamma,Gamma,Gamma,Gamma,Gamma;0,0,0.0418322,0.0360395,0.0310487,0.0267489,0.0230446,0.0198533,0.0171038,0.0147352,0.0126945,0.0109365,0.00942193,0.00811711,0.0787771,0.00602481,0.00519021,0.00447143,0.00385218,0.0033187,0.0028591,0.00246314,0.0366431,0.0329646,0.0296585,0.0266866,0.024015,0.0216129,0.0194529,0.0175103,0.015763,0.0141913,0.0831399,0.0115053,0.0103602,0.00932992,0.00840267,0.00756806,0.00681677,0.00614041,0.00553147,0.00498319,0.0898859,0.0040472,0.0036445,0.00328389,0.00295908,0.00266652,0.00240297,0.00216555,0.00195167,0.00175896,0.0868662;
1.30979,0.755029,0.325746,0.358711,0.664362,1.41116;8.3078 ,0.0568298 ,32.227,7.62805 ,0.0667571 ,37.372,1.0001 ,7.5897 ,1.91457,1.00003 ,9.68905 ,22.3117,10 ,0.052248 ,13.1084,6.00669 ,0.521549 ,52.0027;Gamma,Gamma,Gamma,Gamma,Gamma,Gamma;0,0.0376157,0.0329745,0.0289051,0.0253376,0.0222102,0.0194688,0.0170657,0.0149592,0.0131127,0.0114941,0.0100753,0.00883162,0.0665945,0.00678599,0.0059482,0.00521395,0.00457033,0.00400616,0.00351164,0.00307815,0.00269818,0.0357553,0.0321896,0.0289808,0.0260929,0.0234939,0.0211547,0.0190493,0.0171541,0.0154481,0.0139124,0.0828924,0.0112853,0.0101643,0.00915528,0.00824668,0.098266,0.00669456,0.00602827,0.00543074,0.0048926,0.00440791,0.00397137,0.00357816,0.00322397,0.00290493,0.00261753,0.00235862,0.00212538,0.00191525,0.00172594,0.0868363;
1.06924,0.629777,0.318105,0.385516,0.662163,1.36448;9.01616 ,0.0575384 ,35.6101,8.82657 ,0.0676098 ,44.4385,1.22068 ,6.9302 ,1.99155,1.07339 ,8.71569 ,21.4822,10 ,0.0506371 ,13.2943,5.70325 ,0.57324 ,49.1814;Gamma,Gamma,Gamma,Gamma,Gamma,Gamma;0,0.0283908,0.028638,0.0271104,0.0250058,0.0227384,0.0204912,0.0183516,0.0163608,0.0145354,0.0128782,0.0113848,0.0100461,0.0524937,0.00778825,0.00684514,0.00601036,0.00527283,0.00462227,0.00404921,0.00354502,0.0380512,0.0354999,0.0324875,0.0294967,0.0266655,0.0240401,0.0216325,0.0194392,0.01745,0.0156515,0.0140291,0.0125681,0.0112541,0.0100737,0.118923,0.00806457,0.00721182,0.00644851,0.0057649,0.0051529,0.00460518,0.00411513,0.00367679,0.184246,0.00294979,0.00262097,0.00234091,0.00209062,0.0799915,0.357293,0.419878,0.284198;
1.09413,0.768283,0.325746,0.37086,0.664362,1.62368;9.36408 ,0.0683957 ,29.3551,7.91755 ,0.0659307 ,41.5702,1.00002 ,6.70833 ,2.22905,1.07377 ,8.37328 ,22.9849,9.34297 ,0.0430601 ,11.9856,6.68169 ,0.586395 ,49.5653;Gamma,Gamma,Gamma,Gamma,Gamma,Gamma;0,0,0.0418322,0.0360395,0.0310487,0.0267489,0.0230446,0.0198533,0.0171038,0.0147352,0.0126945,0.0146612,0.00942193,0.00811711,0.00699299,0.00602454,0.00519021,0.00447143,0.00385218,0.0033187,0.0028591,0.00246314,0.0370345,0.0344359,0.0313906,0.0283836,0.0255514,0.0229377,0.020552,0.465988,0.016502,0.0146785,0.0131002,0.0116852,0.0104184,0.00928532,0.0082728,0.00736862,0.00656165,0.0058418,0.00519994,0.108828,0.00412129,0.0036639,0.00325946,0.00289934,0.00257875,0.00229339,0.00203945,0.0279286,0.245187,0.444542,0.414089;
1.1656,0.691853,0.325746,0.380968,0.79874,1.41116;7.39704 ,0.0658469 ,32.66,8.43912 ,0.0695742 ,42.1735,1.00002 ,6.70833 ,2.22905,1.00003 ,9.68905 ,22.3117,10 ,0.0534233 ,14.0692,6.00669 ,0.521549 ,52.0027;Gamma,Gamma,Gamma,Gamma,Gamma,Gamma;0,0,0.0418322,0.0360395,0.0310487,0.0267489,0.0230446,0.0198533,0.0171038,0.0147352,0.0126945,0.0109365,0.00942193,0.00811711,0.0932966,0.00602487,0.00519021,0.00447143,0.00385218,0.0033187,0.0028591,0.00246314,0.037584,0.0338133,0.0304239,0.027377,0.0246377,0.0221745,0.0199594,0.0179672,0.0161751,0.014563,0.119028,0.0118096,0.0106329,0.00957589,0.00862452,0.00776816,0.00699724,0.00630319,0.00567829,0.00511561,0.192653,0.0041713,0.00374166,0.00337152,0.00303812,0.0027378,0.00246727,0.00222355,0.00200397,0.00180614,0.0869088;
1.11984,0.792196,0.388987,0.341009,0.675515,1.20938;8.10933 ,0.0647535 ,36.6685,7.00084 ,0.0646671 ,45.8772,1.0001 ,7.08029 ,2.10556,1.07649 ,7.42251 ,22.1146,9.69399 ,0.0542689 ,16.225,4.97189 ,0.492632 ,8.56723;Gamma,Gamma,Gamma,Gamma,Gamma,Gamma;0,0,0.0476964,0.0414169,0.035963,0.031227,0.0271145,0.0235435,0.253715,0.498525,0.331478,0.143531,0.0530939,0.0213277,0.0114834,0.00821458,0.0745855,0.00576065,0.00498445,0.00432461,0.00375438,0.00325977,0.0386629,0.0354787,0.0319019,0.0284476,0.0252515,0.0223497,0.019742,0.017413,0.0153416,0.0135047,0.0118793,0.0104434,0.00917648,0.0080599,0.159709,0.00621548,0.00545036,0.00478144,0.0041937,0.00367749,0.00322425,0.00282642,0.00247732,0.0469615,0.00190296,0.00166683,0.00146027,0.00127918,0.00112045,0.000981336,0.000859428;
1.15362,0.848725,0.341646,0.329225,0.664362,1.49075;8.3078 ,0.0568298 ,32.227,7.51269 ,0.0714381 ,46.1607,1.16416 ,6.53313 ,2.37665,1.10474 ,9.08946 ,23.6471,10 ,0.0508768 ,15.1054,6.25731 ,0.549167 ,51.8098;Gamma,Gamma,Gamma,Gamma,Gamma,Gamma;0,0,0.0355131,0.0341453,0.0313157,0.0281706,0.0250744,0.0221693,0.0195104,0.0171124,0.0149704,0.0130698,0.0113917,0.00991552,0.00862078,0.0533279,0.00649833,0.00563537,0.00488393,0.00423027,0.00366225,0.00316905,0.00274114,0.0294909,0.0281733,0.0261885,0.0240727,0.0219931,0.020016,0.0181688,0.0164605,0.0148912,0.0754295,0.0121488,0.0109599,0.00988142,0.00890445,0.00802054,0.00722164,0.00650018,0.00584911,0.00526192,0.00473262,0.00425571,0.00382618,0.00343944,0.153286,0.00278954,0.00249633,0.00224287,0.00201495,0.0566288,0.341026;
1.41601,0.737404,0.288162,0.329659,0.664362,1.41116;8.97992 ,0.0560353 ,32.9824,7.69764 ,0.0659523 ,42.1847,1.00002 ,6.70833 ,2.22905,1.00003 ,9.68905 ,22.3117,10 ,0.0534233 ,14.0692,6.00669 ,0.521549 ,52.0027;Gamma,Gamma,Gamma,Gamma,Gamma,Gamma;0,0,0.0370057,0.0318813,0.0274663,0.0236627,0.0203858,0.0175626,0.0151304,0.0130351,0.0112299,0.00967467,0.00833485,0.00718057,0.0779703,0.00532971,0.00459137,0.00395552,0.00340773,0.00293579,0.00252922,0.00217895,0.0325631,0.0292946,0.0263568,0.0237161,0.021342,0.0192075,0.017288,0.0155617,0.014009,0.0126123,0.124217,0.0102256,0.00920769,0.00829209,0.00746804,0.00672631,0.00605861,0.00545752,0.00491633,0.00442904,0.0893866,0.00359743,0.00323927,0.00291877,0.00263009,0.00237006,0.00213582,0.00192481,0.0017347,0.00156343,0.08669;
1.09413,0.768283,0.325746,0.37086,0.664362,1.41116;9.36408 ,0.0683957 ,29.3551,8.43912 ,0.0695742 ,42.1735,1.00002 ,6.70833 ,2.22905,1.00003 ,9.68905 ,22.3117,10 ,0.0534233 ,14.0692,6.00669 ,0.521549 ,52.0027;Gamma,Gamma,Gamma,Gamma,Gamma,Gamma;0,0,0.0418322,0.0360395,0.0310487,0.0267489,0.0230446,0.0198533,0.0171038,0.0147352,0.0126945,0.0109365,0.00942193,0.00811711,0.0787771,0.00602481,0.00519021,0.00447143,0.00385218,0.0033187,0.0028591,0.00246314,0.0366431,0.0329646,0.0296585,0.0266866,0.024015,0.0216129,0.0194529,0.465109,0.0158289,0.0141913,0.0127773,0.011505,0.0103602,0.00932992,0.00840267,0.00756806,0.00681677,0.00614041,0.00553147,0.00498319,0.213307,0.00406564,0.0036445,0.00328389,0.00295908,0.00266652,0.00240297,0.00216555,0.00195167,0.00175896,0.0868662;
1.30979,0.737404,0.351641,0.318928,0.64436,1.29506;8.3078 ,0.0568298 ,32.227,7.62538 ,0.0765247 ,37.6875,1.0001 ,7.48782 ,2.4611,1.00961 ,9.05617 ,20.2587,9.63841 ,0.0578953 ,14.7813,6.4283 ,0.54996 ,48.603;Gamma,Gamma,Gamma,Gamma,Gamma,Gamma;0,0,0.0410848,0.035951,0.0314578,0.0275259,0.0240852,0.0210746,0.0184402,0.0161351,0.0141181,0.0123532,0.010809,0.00945775,0.114133,0.00724226,0.00633574,0.0055437,0.00485068,0.00424429,0.0347572,0.0312334,0.0279995,0.0250765,0.0224474,0.020088,0.017973,0.0160787,0.0143828,0.0128649,0.0115068,0.0102917,0.0795674,0.00823281,0.007363,0.0065853,0.00588977,0.216764,0.00475556,0.00421396,0.00376905,0.00337117,0.00301534,0.00269711,0.00241251,0.00215797,0.00193033,0.00172674,0.0402935,0.272186,0.398289,0.308269,0.168384;
1.0151,0.810218,0.325746,0.37086,0.67633,1.2936;9.67382 ,0.0578899 ,36.7964,7.86493 ,0.0628316 ,35.1702,1.09501 ,6.21266 ,2.27163,1.08421 ,10 ,20.1166,10 ,0.0534233 ,14.0692,6.51289 ,0.518436 ,47.5478;Gamma,Gamma,Gamma,Gamma,Gamma,Gamma;0,0,0.0393605,0.0357896,0.0316652,0.0277043,0.0240908,0.0208674,0.018027,0.0155428,0.0133809,0.0115061,0.00988451,0.00848478,0.0803557,0.00624038,0.00534729,0.00458028,0.00392183,0.00335693,0.0317294,0.0301375,0.0280177,0.0258219,0.0236872,0.0216663,0.0197791,0.0180313,0.0164209,0.0149427,0.013589,0.012352,0.011223,0.0101939,0.00925658,0.0815317,0.178059,0.00692434,0.00628104,0.00569859,0.00516958,0.00468922,0.00425313,0.0038573,0.00349807,0.00317209,0.00287632,0.0486331,0.307743,0.417011,0.296374,0.14816,0.0597208;
1.15362,0.737404,0.305697,0.418977,0.664362,1.41116;8.3078 ,0.0568298 ,32.227,7.69764 ,0.0659523 ,42.1847,1.0001 ,7.24859 ,2.33339,1.20687 ,8.94903 ,18.1607,10 ,0.0534233 ,14.0692,6.00669 ,0.521549 ,52.0027;Gamma,Gamma,Gamma,Gamma,Gamma,Gamma;0,0,0.0367335,0.0320021,0.0278793,0.0242873,0.021158,0.0184318,0.0160569,0.0139879,0.0121855,0.0106153,0.00924748,0.00805588,0.0788019,0.00611378,0.00532573,0.00463946,0.0330765,0.0334892,0.0322119,0.0303335,0.0282332,0.0260848,0.0239771,0.0219576,0.0200508,0.0182686,0.0166146,0.0150878,0.0136842,0.0123979,0.0731955,0.0101503,0.00917393,0.00828657,0.00748095,0.00675035,0.00608843,0.00548923,0.00494722,0.00445726,0.089411,0.00361722,0.00325419,0.00292877,0.00263531,0.00237077,0.00213239,0.00191763,0.00172422,0.00155007,0.0866742;
1.30979,0.737404,0.340217,0.34984,0.764706,1.52402;8.3078 ,0.0568298 ,32.227,7.19065 ,0.0538614 ,35.2743,1.0001 ,7.46692 ,1.83814,1.15452 ,8.2605 ,24.8506,10 ,0.0534233 ,14.0692,6.51266 ,0.568391 ,8;Gamma,Gamma,Gamma,Gamma,Gamma,Gamma;0,0.0398465,0.0348544,0.0304869,0.0266663,0.0233244,0.0204012,0.0178443,0.0509041,0.291066,0.458402,0.385808,0.230245,0.11199,0.131495,0.021166,0.0103072,0.00620295,0.00453473,0.00370123,0.00316229,0.00274556,0.0023961,0.00209441,0.0308975,0.030265,0.028438,0.0262685,0.024038,0.0218664,0.0198096,0.0178925,0.0864864,0.0145039,0.0130272,0.0198878,0.0104738,0.0093786,0.00839165,0.00750369,0.00670588,0.00598987,0.00534792,0.00477284,0.00425806,0.00379756,0.00338584,0.00301794,0.00268933,0.00239596,0.00213413,0.00190054,0.0016922;
1.30979,0.830709,0.325746,0.403493,0.664362,1.41116;8.3078 ,0.0568298 ,32.227,7.10364 ,0.0644183 ,41.0992,1.0001 ,6.1259 ,2.01167,1.0001 ,9.33377 ,24.0772,10 ,0.0534233 ,14.0692,6.00669 ,0.521549 ,52.0027;Gamma,Gamma,Gamma,Gamma,Gamma,Gamma;0,0,0.0451607,0.0383615,0.0325851,0.0276781,0.0235099,0.0199694,0.016962,0.0144075,0.0122376,0.0103946,0.0088291,0.00749938,0.078154,0.00541084,0.00459569,0.00390354,0.00331563,0.00281627,0.00239211,0.00203184,0.00172582,0.0014659,0.040076,0.0359458,0.0322432,0.0289241,0.0259486,0.023281,0.020889,0.018744,0.0871831,0.0150954,0.0135476,0.0121593,0.0109139,0.00979654,0.00879398,0.00789437,0.00708709,0.0560276,0.00571302,0.00512883,0.00460503,0.00413485,0.00371279,0.00333391,0.00299378,0.00268841,0.00241425,0.0021681,0.087228;
1.21061,0.653796,0.34793,0.341026,0.689656,1.53015;9.43604 ,0.0602201 ,34.1657,8.30706 ,0.0524494 ,34.5609,1.00002 ,6.70833 ,2.22905,1.0001 ,9.77832 ,21.4083,10 ,0.0523696 ,14.7127,5.77338 ,0.585792 ,49.3296;Gamma,Gamma,Gamma,Gamma,Gamma,Gamma;0,0,0.0446811,0.0384939,0.0331632,0.0285706,0.024614,0.0212053,0.0182687,0.0157387,0.0135591,0.0116813,0.0100636,0.0086699,0.0698719,0.00643498,0.00554367,0.00477594,0.00411453,0.00354471,0.00305381,0.0341109,0.0306883,0.0276126,0.0248484,0.0223638,0.0201303,0.0181222,0.0163163,0.0146921,0.013231,0.0119165,0.0107337,0.00966928,0.258836,0.00785381,0.00707238,0.0063733,0.00574377,0.00517682,0.00466618,0.00420619,0.00379181,0.00341847,0.00308208,0.00277896,0.00250579,0.00225959,0.00203769,0.0761299,0.370206,0.464584,0.332987;
1.47009,0.74344,0.325746,0.421643,0.688776,1.41116;8.88687 ,0.0563864 ,31.6183,7.69764 ,0.0659523 ,42.1847,1.00002 ,6.70833 ,2.22905,1.0001 ,9.70687 ,21.6022,9.25227 ,0.053954 ,14.2316,6.00669 ,0.521549 ,52.0027;Gamma,Gamma,Gamma,Gamma,Gamma,Gamma;0,0,0.0418322,0.0360395,0.0310487,0.0267489,0.0230446,0.0198533,0.0171038,0.0147352,0.0126945,0.0109365,0.00942193,0.00811711,0.0547162,0.00602467,0.00519021,0.00447143,0.00385218,0.0033187,0.0028591,0.041642,0.037468,0.0337154,0.0303416,0.0273081,0.0245802,0.0221269,0.0199202,0.0179352,0.0161493,0.130075,0.013097,0.0117951,0.0106238,0.00956953,0.00862041,0.00776591,0.00699653,0.00630373,0.00567985,0.00511798,0.0907073,0.00415843,0.00374551,0.00337563,0.0030424,0.00274218,0.00247168,0.00222795,0.00200832,0.0018104,0.0869129;
1.30979,0.737404,0.325746,0.358711,0.668845,1.41116;8.3078 ,0.0568298 ,32.227,7.69764 ,0.0659523 ,42.1847,1.05447 ,6.31326 ,2.31055,1.00003 ,9.68905 ,22.3117,10 ,0.0540192 ,14.5199,6.00669 ,0.521549 ,52.0027;Gamma,Gamma,Gamma,Gamma,Gamma,Gamma;0,0,0.0410078,0.0363474,0.0317157,0.0274972,0.0237561,0.0204785,0.017626,0.0151538,0.0130172,0.0111743,0.00958699,0.00822148,0.0865623,0.00604006,0.00517435,0.00443192,0.0037952,0.00324935,0.00278154,0.00238071,0.0354276,0.0318598,0.0286551,0.025776,0.0231892,0.0208644,0.0187749,0.0168966,0.0152078,0.0136891,0.082686,0.0110952,0.00998978,0.00899551,0.00810085,0.00729573,0.00657112,0.00591889,0.00533175,0.00480316,0.0897236,0.00390101,0.0035128,0.00316525,0.00285224,0.00257029,0.00231633,0.00208754,0.00188143,0.00169573,0.0868093;
1.30979,0.73691,0.325746,0.329225,0.664362,1.29286;8.3078 ,0.0568298 ,32.227,7.29672 ,0.0672608 ,40.982,1.00002 ,6.70833 ,2.22905,1.00003 ,9.68905 ,22.3117,9.56482 ,0.0572442 ,15.2292,5.52218 ,0.524473 ,8;Gamma,Gamma,Gamma,Gamma,Gamma,Gamma;0,0,0.0418322,0.0360395,0.0310487,0.0267489,0.0230446,0.0198533,0.142081,0.441399,0.409287,0.227349,0.0976219,0.0380041,0.015909,0.103771,0.00580438,0.00461815,0.00388573,0.00332609,0.00286067,0.00246347,0.0327676,0.0294691,0.0265057,0.023843,0.0214502,0.0192996,0.0173664,0.0156284,0.0140657,0.0126604,0.0817591,0.0102599,0.00923691,0.0083168,0.0074889,0.00674389,0.00607342,0.00546996,0.0777843,0.00443978,0.00399756,0.0036012,0.00324432,0.00292295,0.00263354,0.00237289,0.00213814,0.00192669,0.00173623,0.00156465,0.00141008;
1.15362,0.848725,0.341646,0.37086,0.664362,1.41116;8.3078 ,0.0568298 ,32.227,7.00084 ,0.0646671 ,45.8772,1.0001 ,6.53515 ,2.04924,1.07649 ,7.42251 ,22.1146,10 ,0.0534233 ,14.0692,6.00669 ,0.521549 ,52.0027;Gamma,Gamma,Gamma,Gamma,Gamma,Gamma;0,0,0.0448549,0.0384933,0.0330329,0.0283468,0.0243253,0.0208743,0.0179128,0.0153714,0.0131906,0.0113191,0.0097132,0.0083351,0.0789366,0.00613799,0.0052669,0.00451963,0.00387838,0.00332811,0.00285591,0.00245071,0.0410721,0.0377163,0.0339224,0.0302516,0.0268526,0.0237655,0.0209907,0.0185124,0.0163084,0.0143539,0.0745979,0.0110975,0.00974977,0.00856233,0.00751681,0.00659689,0.00578797,0.00507702,0.00445244,0.00390395,0.00342244,0.00299986,0.00262908,0.0502904,0.00201918,0.00176847,0.00154919,0.00135698,0.00118851,0.00104088,0.0861924;
1.23948,0.737404,0.330465,0.399009,0.702247,1.41116;8.98058 ,0.0543683 ,29.8509,7.69764 ,0.0659523 ,42.1847,1.0001 ,7.25964 ,2.44416,1.0001 ,9.9503 ,22.4418,8.51134 ,0.051641 ,15.1176,6.00669 ,0.521549 ,52.0027;Gamma,Gamma,Gamma,Gamma,Gamma,Gamma;0,0,0.0396576,0.0345568,0.0301112,0.0262372,0.0228614,0.0199199,0.0173569,0.0151236,0.0131776,0.011482,0.0100046,0.00871725,0.00759556,0.0237304,0.00576661,0.00502458,0.00437803,0.00381468,0.00332382,0.00289612,0.0387833,0.0349939,0.0315764,0.0284947,0.0257155,0.0232091,0.0209484,0.0939122,0.0170697,0.0154099,0.0139124,0.0125613,0.011342,0.0102416,0.0092485,0.00835213,0.00754302,0.00681263,0.00615325,0.00555795,0.0904168,0.00453745,0.00409691,0.00370117,0.00334379,0.00302103,0.00272952,0.00246622,0.0022284,0.00201358,0.0871004;
1.30979,0.74322,0.339355,0.390418,0.720324,1.41116;8.3078 ,0.0568298 ,32.227,7.69764 ,0.0659523 ,42.1847,1.12735 ,6.45918 ,2.17854,1.0001 ,9.18776 ,23.73,10 ,0.0534233 ,14.0692,6.00669 ,0.521549 ,52.0027;Gamma,Gamma,Gamma,Gamma,Gamma,Gamma;0,0,0.0377159,0.0352878,0.0318283,0.0282806,0.0249226,0.0218495,0.0190867,0.0166295,0.0144596,0.012553,0.0108838,0.00942665,0.0859881,0.00705388,0.00609521,0.00526407,0.004544,0.00392069,0.00338155,0.00291552,0.00251292,0.0402702,0.0360429,0.0322607,0.0288769,0.0258497,0.0231412,0.0207178,0.0185494,0.0166088,0.0852349,0.0133182,0.0119268,0.0106815,0.00956676,0.00856881,0.00767534,0.00687536,0.00615906,0.00551764,0.0910131,0.00443114,0.00396809,0.00355544,0.00318583,0.00285474,0.00255815,0.00229246,0.00205443,0.00184117,0.086931;
1.4442,0.818637,0.325746,0.333774,0.676294,1.41116;9.01282 ,0.0651282 ,34.9601,7.6425 ,0.0701088 ,44.5545,1.00002 ,6.70833 ,2.22905,1.00003 ,9.68905 ,22.3117,10 ,0.0534233 ,14.0692,6.00669 ,0.521549 ,52.0027;Gamma,Gamma,Gamma,Gamma,Gamma,Gamma;0,0,0.0418322,0.0360395,0.0310487,0.0267489,0.0230446,0.0198533,0.0171038,0.0147352,0.0126945,0.0109365,0.00942193,0.00811711,0.0800664,0.00602482,0.00519021,0.00447143,0.00385218,0.0033187,0.0028591,0.00246314,0.033191,0.029851,0.0268501,0.0241537,0.0217304,0.0195523,0.0175943,0.015834,0.0142511,0.0128276,0.0115473,0.0103957,0.376784,0.00844786,0.00758873,0.00683394,0.00615463,0.0055432,0.00499283,0.00449737,0.0040513,0.00364968,0.143396,0.00297132,0.0026691,0.00240497,0.00216707,0.00195279,0.00175976,0.00158588,0.0867101;
1.30979,0.737404,0.325746,0.366849,0.688399,1.38428;8.3078 ,0.0568298 ,32.227,7.69764 ,0.0659523 ,42.1847,1.00002 ,6.70833 ,2.22905,1.08445 ,10 ,21.2866,10 ,0.0563119 ,15.3714,6.24183 ,0.492231 ,50.4478;Gamma,Gamma,Gamma,Gamma,Gamma,Gamma;0,0,0.0418322,0.0360395,0.0310487,0.0267489,0.0230446,0.0198533,0.0171038,0.0147352,0.0126945,0.0109365,0.00942193,0.00811711,0.00699299,0.12078,0.00519135,0.00447143,0.00385218,0.0033187,0.0028591,0.0309951,0.0294951,0.0274591,0.0253371,0.0232667,0.0213014,0.0194624,0.017756,0.0161815,0.014734,0.013407,0.0825556,0.0110841,0.0100718,0.00914937,0.00830918,0.00754442,0.00684869,0.00621603,0.00564096,0.0051184,0.0900401,0.00421486,0.00382108,0.00346569,0.0031431,0.00285033,0.00258467,0.00234362,0.0852474,0.414374,0.45476;
1.35222,0.737404,0.325746,0.37086,0.664362,1.41116;8.10555 ,0.0551407 ,33.1392,7.69764 ,0.0659523 ,42.1847,1.08197 ,6.43948 ,2.12901,1.00003 ,9.68905 ,22.3117,10 ,0.0534233 ,14.0692,6.00669 ,0.521549 ,52.0027;Gamma,Gamma,Gamma,Gamma,Gamma,Gamma;0,0,0.0387726,0.0351364,0.0310991,0.0272613,0.023771,0.0206583,0.0179119,0.0155043,0.013403,0.0115747,0.00998759,0.00861223,0.0792061,0.00639347,0.00550467,0.00473791,0.00407664,0.00350667,0.00301562,0.00259275,0.0367498,0.0330519,0.0297294,0.0267439,0.0240608,0.0216492,0.0194813,0.0175323,0.0157798,0.0142038,0.0127863,0.0573095,0.0103643,0.00933226,0.00840367,0.00756803,0.00681596,0.00613905,0.00552971,0.00498116,0.0898837,0.00404492,0.0036422,0.00328162,0.00295688,0.0026644,0.00240096,0.00216366,0.00194989,0.00175731,0.0868647;
1.30979,0.768283,0.325746,0.37086,0.664362,1.41116;8.3078 ,0.0568298 ,32.227,7.69764 ,0.0659523 ,42.1847,1.00002 ,6.70833 ,2.22905,1.00003 ,9.68905 ,22.3117,10 ,0.0534233 ,14.0692,6.00669 ,0.521549 ,52.0027;Gamma,Gamma,Gamma,Gamma,Gamma,Gamma;0,0,0.0418322,0.0360395,0.0310487,0.0267489,0.0230446,0.0198533,0.0171038,0.0147352,0.0126945,0.0109365,0.00942193,0.00811711,0.0787771,0.00602481,0.00519021,0.00447143,0.00385218,0.0033187,0.0028591,0.00246314,0.0366431,0.0329646,0.0296585,0.0266866,0.024015,0.0216129,0.0194529,0.0175103,0.015763,0.0141913,0.0831399,0.0115053,0.0103602,0.00932992,0.00840267,0.00756806,0.00681677,0.00614041,0.00553147,0.00498319,0.0934618,0.00404729,0.0036445,0.00328389,0.00295908,0.00266652,0.00240297,0.00216555,0.00195167,0.00175896,0.0868662;
1.30979,0.784154,0.324305,0.33721,0.725923,1.29506;8.3078 ,0.0568298 ,32.227,6.89943 ,0.0770984 ,42.5604,1.06064 ,7.19831 ,2.43992,1.05341 ,9.48309 ,22.0881,8.715 ,0.0549551 ,16.4268,6.4283 ,0.54996 ,48.603;Gamma,Gamma,Gamma,Gamma,Gamma,Gamma;0,0,0.0359196,0.0326027,0.0290804,0.0257539,0.0227189,0.019992,0.0175624,0.0154088,0.0135063,0.0118298,0.0103552,0.00905973,0.00792302,0.00692643,0.0455303,0.00528895,0.00461981,0.00403457,0.0035228,0.00307543,0.0318835,0.0296107,0.0271206,0.0246998,0.022426,0.0203225,0.0183922,0.0166295,0.0150251,0.013568,0.0826096,0.0110508,0.00996818,0.00898966,0.00810556,0.00730716,0.00658645,0.00593607,0.00534934,0.00482015,0.150322,0.00393299,0.00352487,0.0031753,0.00286025,0.00257635,0.0410694,0.272895,0.398935,0.308858,0.168921;
1.30979,0.737404,0.321842,0.37086,0.664362,1.24452;8.3078 ,0.0568298 ,32.227,7.69764 ,0.0659523 ,42.1847,1.00681 ,6.7746 ,2.04598,1.00003 ,9.68905 ,22.3117,10 ,0.0534233 ,14.0692,5.42779 ,0.501539 ,7.76135;Gamma,Gamma,Gamma,Gamma,Gamma,Gamma;0,0,0.0406146,0.0352069,0.0304594,0.0263309,0.022752,0.173541,0.467974,0.384442,0.192638,0.0767542,0.0295287,0.0135593,0.0801466,0.00637467,0.00530484,0.00453538,0.00390547,0.00336898,0.00290736,0.00250918,0.0366866,0.0330054,0.0296965,0.0267218,0.0240474,0.0216426,0.01948,0.0175349,0.0157854,0.0142115,0.0831582,0.0115217,0.010375,0.0093432,0.00841457,0.0075787,0.00682627,0.00614889,0.00553902,0.00498991,0.0898918,0.0040525,0.00364921,0.00328806,0.00296278,0.00266979,0.00240586,0.00216811,0.00195392,0.00176096,0.0015871;
1.30979,0.737404,0.309936,0.329218,0.690994,1.35725;8.3078 ,0.0568298 ,32.227,7.69764 ,0.0659523 ,42.1847,1.07175 ,6.03188 ,2.20284,1.19228 ,9.31872 ,23.9833,9.99893 ,0.0632737 ,14.3642,6.40233 ,0.509494 ,8;Gamma,Gamma,Gamma,Gamma,Gamma,Gamma;0,0,0.039722,0.0353696,0.0308507,0.0266827,0.0229712,0.0197181,0.0760113,0.36568,0.453402,0.303663,0.146454,0.0593711,0.276455,0.0104075,0.00601734,0.00434916,0.00350495,0.0029349,0.00248554,0.00211125,0.00179449,0.0239757,0.0243375,0.0234764,0.0221772,0.0207116,0.0192036,0.0177173,0.0162869,0.0149309,0.0840208,0.0124725,0.011373,0.0103582,0.00942434,0.00856723,0.00778218,0.00706439,0.00640905,0.00581149,0.0906636,0.00477416,0.00432147,0.00391225,0.00354065,0.00320343,0.00289755,0.00262024,0.00236892,0.00214125,0.00193508;
1.30979,0.737404,0.288162,0.329659,0.664362,1.41116;8.3078 ,0.0568298 ,32.227,7.69764 ,0.0659523 ,42.1847,1.00002 ,6.70833 ,2.22905,1.00003 ,9.68905 ,22.3117,10 ,0.0534233 ,14.0692,6.00669 ,0.521549 ,52.0027;Gamma,Gamma,Gamma,Gamma,Gamma,Gamma;0,0,0.0370057,0.0318813,0.0274663,0.0236627,0.0203858,0.0175626,0.0151304,0.0130351,0.0112299,0.00967467,0.00833485,0.00718057,0.0779703,0.00532971,0.00459137,0.00395552,0.00340773,0.00293579,0.00252922,0.00217895,0.0325631,0.0292946,0.0263568,0.0237161,0.021342,0.0192075,0.017288,0.0155617,0.014009,0.0126123,0.0817184,0.0102253,0.00920769,0.00829209,0.00746804,0.00672631,0.00605861,0.00545752,0.00491633,0.00442904,0.0893866,0.00359743,0.00323927,0.00291877,0.00263009,0.00237006,0.00213582,0.00192481,0.0017347,0.00156343,0.08669;
1.40757,0.727248,0.38632,0.407668,0.664362,1.30647;7.42465 ,0.0559327 ,31.754,7.92482 ,0.0618274 ,43.214,1.05654 ,7.21699 ,2.29712,1.16806 ,9.09033 ,19.2194,10 ,0.0534233 ,14.0692,6.69134 ,0.530418 ,8.40917;Gamma,Gamma,Gamma,Gamma,Gamma,Gamma;0,0,0.042948,0.0388855,0.0346392,0.0306518,0.0270246,0.0237716,0.0547986,0.284364,0.421916,0.330776,0.183481,0.0841007,0.107963,0.0169174,0.00977136,0.00699861,0.00567754,0.0347403,0.0342917,0.032518,0.030326,0.0280221,0.0257421,0.0235523,0.0214852,0.0195555,0.0177677,0.0161204,0.0146087,0.0429708,0.011964,0.0108148,0.00977,0.00882142,0.00796119,0.00718184,0.00647636,0.00583824,0.00526141,0.00474028,0.00426972,0.0641386,0.0034625,0.00311622,0.00280464,0.00252381,0.00227076,0.0020428,0.00183748,0.00165261,0.00148616;
1.30979,0.737404,0.295207,0.37853,0.60572,1.36448;8.3078 ,0.0568298 ,32.227,7.69764 ,0.0659523 ,42.1847,1.0001 ,6.39622 ,2.07872,1.04402 ,8.17036 ,21.8557,10 ,0.0545305 ,12.756,5.70325 ,0.57324 ,49.1814;Gamma,Gamma,Gamma,Gamma,Gamma,Gamma;0,0,0.0394684,0.0337583,0.0288735,0.0246953,0.0211215,0.0180648,0.0154505,0.0132145,0.011302,0.00966634,0.0862265,0.0070713,0.00604752,0.00517228,0.00442371,0.00378347,0.0032359,0.00276757,0.00236702,0.0402987,0.0366456,0.0329292,0.0294467,0.0262631,0.0233851,0.0207991,0.018484,0.0164165,0.0145734,0.0129322,0.081835,0.010175,0.00902199,0.00799839,0.00708984,0.00628367,0.00556852,0.00493428,0.00437189,0.0038733,0.0888277,0.00304193,0.00269248,0.00238486,0.00211229,0.00187081,0.00165686,0.0795919,0.356925,0.419541,0.283888;
1.17363,0.629777,0.335088,0.409388,0.662163,1.41116;8.32141 ,0.0554096 ,36.7474,8.82657 ,0.0676098 ,44.4385,1.08162 ,6.31567 ,2.14193,1.0001 ,9.33377 ,24.0772,9.25227 ,0.053954 ,14.2316,6.00669 ,0.521549 ,52.0027;Gamma,Gamma,Gamma,Gamma,Gamma,Gamma;0,0,0.040627,0.0366961,0.0323764,0.0282918,0.0245927,0.0213061,0.0184164,0.0158918,0.0136957,0.0117911,0.010143,0.00871942,0.0533706,0.00643326,0.00552209,0.00473835,0.00406454,0.00348556,0.0029883,0.00256141,0.00219504,0.00188074,0.0410094,0.0367779,0.0329847,0.0295846,0.0265367,0.0238044,0.0213548,0.0191584,0.0171891,0.015423,0.0138392,0.0124187,0.0612685,0.0100018,0.00897645,0.00805666,0.00723145,0.00649103,0.00582666,0.00523049,0.185657,0.00423086,0.00378447,0.00339773,0.0030506,0.00273902,0.00245933,0.00220826,0.0872638;
1.30979,0.737404,0.325746,0.358711,0.709423,1.36448;8.3078 ,0.0568298 ,32.227,7.69764 ,0.0659523 ,42.1847,1.05447 ,6.31326 ,2.31055,1.00003 ,9.68905 ,22.3117,9.14447 ,0.0525319 ,13.4752,5.70325 ,0.57324 ,49.1814;Gamma,Gamma,Gamma,Gamma,Gamma,Gamma;0,0,0.0410078,0.0363474,0.0317157,0.0274972,0.0237561,0.0204785,0.017626,0.0151538,0.0130172,0.0111743,0.00958699,0.0432441,0.00704784,0.00603969,0.00517435,0.00443192,0.0037952,0.00324935,0.00278154,0.00238071,0.0354276,0.0318598,0.0286551,0.025776,0.0231892,0.0208644,0.0187749,0.0168966,0.0152078,0.0136891,0.082686,0.0110952,0.00998978,0.00899551,0.00810085,0.00729573,0.00657112,0.00591889,0.00533175,0.00480316,0.0897236,0.00390101,0.0035128,0.00316525,0.00285224,0.00257029,0.00231633,0.0802121,0.357507,0.420085,0.284397;
1.35222,0.763783,0.325746,0.329225,0.664362,1.29286;8.10555 ,0.0551407 ,33.1392,7.33166 ,0.061206 ,43.8474,1.08197 ,6.43948 ,2.12901,1.07649 ,7.42251 ,22.1146,9.56482 ,0.0572442 ,15.2292,5.52218 ,0.524473 ,8;Gamma,Gamma,Gamma,Gamma,Gamma,Gamma;0,0,0.0387726,0.0351364,0.0310991,0.0272613,0.023771,0.0206583,0.142889,0.442168,0.409995,0.227987,0.0981875,0.0384992,0.016338,0.104139,0.00611884,0.00488463,0.00411018,0.00351405,0.0030172,0.00259307,0.036823,0.0337955,0.0303852,0.0270898,0.0240405,0.0212722,0.0187848,0.016564,0.0145893,0.0128387,0.0112902,0.0557208,0.00871645,0.00765361,0.00671803,0.005895,0.00517139,0.00453553,0.00397701,0.00348661,0.00305616,0.0382801,0.00234731,0.00205646,0.00180162,0.00157819,0.00138233,0.00121067,0.00106025,0.000928439,0.00081296;
1.15362,0.848725,0.341646,0.37086,0.664362,1.41116;8.3078 ,0.0568298 ,32.227,7.00084 ,0.0646671 ,45.8772,1.0001 ,6.53515 ,2.04924,1.00003 ,9.68905 ,22.3117,10 ,0.0534233 ,14.0692,6.00669 ,0.521549 ,52.0027;Gamma,Gamma,Gamma,Gamma,Gamma,Gamma;0,0,0.0448549,0.0384933,0.0330329,0.0283468,0.0243253,0.0208743,0.0179128,0.0153714,0.0131906,0.0113191,0.0097132,0.0083351,0.0789366,0.00613799,0.0052669,0.00451963,0.00387838,0.00332811,0.00285591,0.00245071,0.036624,0.0329411,0.0296321,0.0266586,0.0239864,0.0215844,0.019425,0.0174834,0.0157374,0.0141671,0.0747278,0.0114842,0.0103407,0.00931203,0.00838628,0.0075531,0.00680316,0.00612807,0.00552032,0.00497312,0.00448042,0.00403675,0.0036372,0.0512639,0.00295383,0.0026613,0.00239832,0.00216142,0.00194798,0.00175569,0.0868633;
1.30979,0.737404,0.333179,0.347622,0.664362,1.25913;8.3078 ,0.0568298 ,32.227,7.69764 ,0.0659523 ,42.1847,1.0001 ,7.32544 ,2.32973,1.07706 ,9.07445 ,20.4462,10 ,0.0534233 ,14.0692,5.24679 ,0.527474 ,52.4209;Gamma,Gamma,Gamma,Gamma,Gamma,Gamma;0,0,0.0396731,0.0346131,0.0301976,0.0263451,0.0229839,0.0200514,0.0174931,0.0152611,0.0133139,0.0116151,0.0101331,0.00884018,0.0794963,0.00672843,0.00586966,0.00512071,0.00446732,0.0038973,0.0335223,0.0314257,0.0288866,0.0263403,0.0239135,0.0216505,0.0195648,0.0176558,0.0159166,0.0143372,0.0129061,0.0116118,0.0808053,0.00938812,0.00843696,0.00758034,0.00680913,0.00611514,0.00549091,0.00492963,0.00442512,0.00397174,0.0889608,0.00320087,0.00287,0.00257498,0.00231011,0.00207235,0.00185895,0.00166743,0.00149556,0.00134135,0.156;
1.30979,0.692461,0.325746,0.37086,0.664362,1.41116;8.3078 ,0.0568298 ,32.227,7.69764 ,0.0659523 ,42.1847,1.0001 ,6.84174 ,2.39873,1.01088 ,10 ,32.0379,10 ,0.0534233 ,14.0692,6.00669 ,0.521549 ,52.0027;Gamma,Gamma,Gamma,Gamma,Gamma,Gamma;0,0,0.0411317,0.035541,0.0307093,0.0265342,0.0229265,0.0198093,0.0171158,0.0147886,0.0127778,0.0110403,0.00953913,0.00824205,0.0789055,0.00615328,0.00531635,0.00459345,0.00396885,0.00342917,0.00296288,0.00256,0.0022119,0.00191113,0.00165125,0.00142672,0.00123272,0.00106509,0.000920263,0.000795127,0.000687007,0.000593588,0.103805,0.0304648,0.0276675,0.0250963,0.0227491,0.0206129,0.0186722,0.0169109,0.0153135,0.0138654,0.0927448,0.0113666,0.0102876,0.00931245,0.0084294,0.00762985,0.00690595,0.0062506,0.00565734,0.0051203,0.0899151;
1.30979,0.737404,0.325746,0.303376,0.664362,1.41116;8.3078 ,0.0568298 ,32.227,7.69764 ,0.0659523 ,42.1847,1.0001 ,6.84174 ,2.39873,1.0001 ,9.10479 ,23.1969,10 ,0.048513 ,14.0056,6.00669 ,0.521549 ,52.0027;Gamma,Gamma,Gamma,Gamma,Gamma,Gamma;0,0,0.0411317,0.035541,0.0307093,0.0265342,0.0229265,0.0198093,0.0171158,0.0147886,0.0127778,0.0110403,0.00953913,0.00824205,0.0354313,0.00615302,0.00531635,0.00459345,0.00396885,0.00342917,0.00296288,0.00256,0.0022119,0.0317609,0.028398,0.0253924,0.0227062,0.0203054,0.0181596,0.0162415,0.0145269,0.0129941,0.0819863,0.0103986,0.00930264,0.00832284,0.00744662,0.00666296,0.00596205,0.00533511,0.00477431,0.00427264,0.0892202,0.00342462,0.00306307,0.00274164,0.00245402,0.00219666,0.00196635,0.00176024,0.00157579,0.0014107,0.0865438;
1.37095,0.755613,0.311288,0.350392,0.690439,1.41116;7.99552 ,0.0620654 ,31.1763,7.43041 ,0.0705396 ,42.7671,1.0001 ,7.27547 ,2.30386,1.16587 ,9.20991 ,21.3204,10 ,0.0534233 ,14.0692,6.00669 ,0.521549 ,52.0027;Gamma,Gamma,Gamma,Gamma,Gamma,Gamma;0,0,0.0372861,0.0325001,0.0283276,0.0246904,0.0215202,0.0187569,0.0163484,0.0142491,0.0124194,0.0108246,0.00943456,0.00822304,0.0817687,0.00624702,0.00544457,0.0047454,0.00413602,0.00360489,0.00314197,0.0281876,0.0279991,0.0266558,0.0249375,0.0231076,0.0212826,0.0195201,0.0178491,0.0162832,0.0148277,0.137343,0.0122458,0.0111085,0.0100695,0.009121,0.00825652,0.0074698,0.0067547,0.00610539,0.00551634,0.00498236,0.120569,0.00406771,0.00366448,0.0033061,0.00298211,0.00268933,0.00242484,0.00218598,0.00197034,0.0017757,0.086881;
1.30979,0.692461,0.325746,0.31988,0.65254,1.41116;8.3078 ,0.0568298 ,32.227,7.69764 ,0.0659523 ,42.1847,1.00002 ,6.70833 ,2.22905,1.00003 ,9.68905 ,22.3117,10 ,0.0534233 ,14.0692,6.00669 ,0.521549 ,52.0027;Gamma,Gamma,Gamma,Gamma,Gamma,Gamma;0,0,0.0418322,0.0360395,0.0310487,0.0267489,0.0230446,0.0198533,0.0171038,0.0147352,0.0126945,0.0109365,0.00942193,0.00811711,0.0774997,0.00602481,0.00519021,0.00447143,0.00385218,0.0033187,0.0028591,0.00246314,0.0318977,0.0286845,0.025798,0.0232047,0.0208745,0.0187804,0.0168981,0.015206,0.0136847,0.0123168,0.0814492,0.00998035,0.0089848,0.00808941,0.00728381,0.00655891,0.00590658,0.00531947,0.00479104,0.00431536,0.0840787,0.00350378,0.0031545,0.00284194,0.00256047,0.00230699,0.0020787,0.00187308,0.00168787,0.00152104,0.0866516;
1.28357,0.797948,0.337202,0.36479,0.664362,1.41116;8.3078 ,0.0568298 ,32.227,7.69764 ,0.0659523 ,42.1847,1.0001 ,6.84174 ,2.39873,1.01088 ,10 ,32.0379,10 ,0.0534233 ,14.0692,6.00669 ,0.521549 ,52.0027;Gamma,Gamma,Gamma,Gamma,Gamma,Gamma;0,0,0.0425782,0.0367909,0.0317893,0.0274673,0.0237328,0.0205059,0.0177178,0.0153087,0.0132271,0.0114286,0.0098746,0.0085319,0.0791559,0.00636967,0.00550331,0.00475499,0.00410842,0.00354977,0.00306708,0.00265003,0.00228968,0.00197834,0.00170933,0.00147689,0.00127607,0.00110255,0.000952627,0.00082309,0.000711167,0.000614463,0.101875,0.0299891,0.0272344,0.0247026,0.0223915,0.0202883,0.0183776,0.0166436,0.015071,0.0136456,0.104762,0.0111862,0.0101238,0.00916399,0.00829485,0.00750792,0.00679547,0.0061505,0.00556665,0.00503814,0.0898407;
1.30979,0.755029,0.325746,0.36479,0.664362,1.41116;8.3078 ,0.0568298 ,32.227,7.62805 ,0.0667571 ,37.372,1.0001 ,7.5897 ,1.91457,1.00003 ,9.68905 ,22.3117,10 ,0.052248 ,13.1084,6.00669 ,0.521549 ,52.0027;Gamma,Gamma,Gamma,Gamma,Gamma,Gamma;0,0.0376157,0.0329745,0.0289051,0.0253376,0.0222102,0.0194688,0.0170657,0.0149592,0.0131127,0.0114941,0.0100753,0.00883162,0.0665945,0.00678599,0.0059482,0.00521395,0.00457033,0.00400616,0.00351164,0.00307815,0.00269818,0.0363212,0.0327,0.0294411,0.0265081,0.0238684,0.0214925,0.0193539,0.0174289,0.0156959,0.0141359,0.083094,0.0114671,0.0103283,0.0093032,0.0083801,0.0983864,0.0068031,0.00612616,0.00551903,0.00497223,0.00447974,0.00403615,0.00363659,0.00327667,0.00295246,0.0026604,0.00239729,0.00216026,0.00194671,0.00175431,0.0868619;
1.30979,0.692461,0.325746,0.358711,0.664362,1.41116;8.3078 ,0.0568298 ,32.227,7.69764 ,0.0659523 ,42.1847,1.0001 ,6.84174 ,2.39873,1.01088 ,10 ,32.0379,10 ,0.0534233 ,14.0692,6.00669 ,0.521549 ,52.0027;Gamma,Gamma,Gamma,Gamma,Gamma,Gamma;0,0,0.0411317,0.035541,0.0307093,0.0265342,0.0229265,0.0198093,0.0171158,0.0147886,0.0127778,0.0110403,0.00953913,0.00824205,0.0789055,0.00615328,0.00531635,0.00459345,0.00396885,0.00342917,0.00296288,0.00256,0.0022119,0.00191113,0.00165125,0.00142672,0.00123272,0.00106509,0.000920263,0.000795127,0.000687007,0.000593588,0.102726,0.0294814,0.0267737,0.0242851,0.0220132,0.0199457,0.0180675,0.0163629,0.014817,0.0134157,0.0923375,0.0109977,0.00995353,0.0090099,0.00815544,0.00738178,0.00668135,0.00604724,0.00547322,0.00495362,0.0897642;
